python scripts/alignment/generate_ts_client.py
python scripts/alignment/build_ledger.py
python scripts/alignment/validate.py
{
  "schema_version": 1,
  "result": "pass",
  "blockers": 0,
  "counts": {
    "features": 54,
    "technologies": 48,
    "total": 102,
    "priorities": {
      "P0": 38,
      "P1": 61,
      "P2": 3
    },
    "work_packages": 29,
    "standard_24w_scope": 84,
    "backlog": 18,
    "feature_contracts": 38,
    "formal_nav_routes": 24
  },
  "standard_24w_scope": [
    "F-ADAPTER-001",
    "F-ADAPTER-002",
    "F-ALERT-001",
    "F-ALERT-002",
    "F-ALERT-003",
    "F-ALERT-004",
    "F-ALERT-005",
    "F-ALERT-006",
    "F-ASSET-001",
    "F-ASSET-002",
    "F-ASSET-003",
    "F-ASSET-004",
    "F-ASSET-005",
    "F-ASSET-006",
    "F-AUDIT-001",
    "F-AUTH-001",
    "F-CAMPAIGN-001",
    "F-COMMON-001",
    "F-COMMON-002",
    "F-COMMON-003",
    "F-COMMON-004",
    "F-DASHBOARD-001",
    "F-DASHBOARD-002",
    "F-DATAQUALITY-001",
    "F-EXPORT-001",
    "F-GRAPH-001",
    "F-GRAPH-002",
    "F-GRAPH-003",
    "F-GRAPH-004",
    "F-MODEL-001",
    "F-PLAYBOOK-001",
    "F-PROBE-001",
    "F-SEARCH-001",
    "F-TOPIC-001",
    "F-TOPIC-002",
    "F-TOPIC-003",
    "F-TOPIC-004",
    "F-WHITELIST-001",
    "T-CH-001",
    "T-CH-002",
    "T-CH-003",
    "T-CH-004",
    "T-CH-005",
    "T-CH-006",
    "T-CONFIG-001",
    "T-DQ-001",
    "T-DR-001",
    "T-FLINK-001",
    "T-FLINK-002",
    "T-FLINK-003",
    "T-FLINK-004",
    "T-FLINK-005",
    "T-GW-001",
    "T-KAFKA-001",
    "T-KAFKA-002",
    "T-KAFKA-003",
    "T-KAFKA-004",
    "T-KAFKA-005",
    "T-MINIO-001",
    "T-MINIO-002",
    "T-MINIO-003",
    "T-MINIO-004",
    "T-NEBULA-001",
    "T-NEBULA-002",
    "T-NEBULA-003",
    "T-NEBULA-004",
    "T-OBS-001",
    "T-OBS-002",
    "T-OS-001",
    "T-OS-002",
    "T-OS-003",
    "T-OS-004",
    "T-OS-005",
    "T-PG-001",
    "T-PG-002",
    "T-PG-003",
    "T-PG-004",
    "T-PG-005",
    "T-PG-006",
    "T-PKI-001",
    "T-REDIS-001",
    "T-REDIS-002",
    "T-SCHEMA-001",
    "T-SEC-001"
  ],
  "backlog": [
    "F-ATTACKCHAIN-001",
    "F-BASELINE-001",
    "F-COMPLIANCE-001",
    "F-DEPLOY-001",
    "F-ENCRYPTED-001",
    "F-ENCRYPTED-002",
    "F-FORENSICS-001",
    "F-FUSION-001",
    "F-MLOPS-001",
    "F-NOTIFICATION-001",
    "F-NOTIFY-001",
    "F-PREF-001",
    "F-PROBE-002",
    "F-RULE-001",
    "F-SCREEN-001",
    "F-SETTINGS-001",
    "T-MLOPS-001",
    "T-REDIS-003"
  ],
  "structural_failures": {
    "invalid_ids": [],
    "duplicate_ids": [],
    "orphan_ids": [],
    "duplicate_accountable_ids": [],
    "p0_p1_without_acceptance_case": [],
    "p0_p1_without_rollback": [],
    "contract_errors": {}
  },
  "count_failures": {
    "features": false,
    "technologies": false,
    "total": false,
    "P0": false,
    "P1": false,
    "P2": false,
    "formal_nav_routes": false
  },
  "w1_scope_gaps": {
    "unknown_required_ui_scopes": [],
    "unknown_accepted_ui_scopes": [],
    "missing_feature_contracts_for_p0": []
  }
}
python scripts/alignment/verify_ui_page_design_contracts.py
{
  "result": "pass",
  "contract_version": "2026-08-04.4",
  "page_count": 28,
  "route_coverage": "28/28",
  "compatibility_alias_count": 3,
  "canonical_id_count": 102,
  "api_plan_count": 29,
  "duplicate_page_ids": [],
  "duplicate_routes": [],
  "unknown_route_ids": [],
  "orphan_capture_ids": [],
  "unknown_api_plans": [],
  "orphan_api_plans": [],
  "candidate_manifest": "doc/02_acceptance/runs/20260805-ui-page-design-contract-v5/candidate-manifest.json",
  "candidate_image": "docker.io/traffic/web-ui:remediation-ui-c2975d525e67",
  "errors": []
}
python scripts/alignment/verify_product_design_audit_policy.py
{
  "status": "PASS",
  "policy_id": "UI-PRODUCT-DESIGN-AUDIT-V1",
  "audit_method": "Product Design",
  "figma_enabled": false,
  "default_progress_report_statuses": [
    "OPEN",
    "IN_PROGRESS",
    "VERIFYING"
  ],
  "closed_findings_excluded": true,
  "errors": []
}
python scripts/alignment/build_feature_contract_registry.py --check
{
  "status": "PASS",
  "catalog_sha256": "409ff6cdda131f28d76e264276c27e369b5b47f94997a35d1fa0ebd641a5030a",
  "coverage": {
    "canonical_feature_ids": 54,
    "formal_contracts": 38,
    "formal_contracts_valid": 38,
    "formal_contracts_openapi_bound": 25,
    "non_draft_openapi_binding_gaps": [],
    "standard_scope_features": 38,
    "standard_scope_formal_contracts": 38,
    "missing_standard_scope_contracts": [],
    "missing_backlog_contracts": [
      "F-ATTACKCHAIN-001",
      "F-BASELINE-001",
      "F-COMPLIANCE-001",
      "F-DEPLOY-001",
      "F-ENCRYPTED-001",
      "F-ENCRYPTED-002",
      "F-FORENSICS-001",
      "F-FUSION-001",
      "F-MLOPS-001",
      "F-NOTIFICATION-001",
      "F-NOTIFY-001",
      "F-PREF-001",
      "F-PROBE-002",
      "F-RULE-001",
      "F-SCREEN-001",
      "F-SETTINGS-001"
    ],
    "p0_features": 16,
    "p0_features_with_formal_contract": 16
  }
}
python scripts/alignment/verify_feature_contract_registry.py
{
  "status": "PASS",
  "feature_id": "F-COMMON-001",
  "registry_integrity": "PASS",
  "contract_coverage": "STANDARD_SCOPE_COMPLETE_BACKLOG_PARTIAL",
  "catalog_sha256": "409ff6cdda131f28d76e264276c27e369b5b47f94997a35d1fa0ebd641a5030a",
  "coverage": {
    "canonical_feature_ids": 54,
    "formal_contracts": 38,
    "formal_contracts_valid": 38,
    "formal_contracts_openapi_bound": 25,
    "non_draft_openapi_binding_gaps": [],
    "standard_scope_features": 38,
    "standard_scope_formal_contracts": 38,
    "missing_standard_scope_contracts": [],
    "missing_backlog_contracts": [
      "F-ATTACKCHAIN-001",
      "F-BASELINE-001",
      "F-COMPLIANCE-001",
      "F-DEPLOY-001",
      "F-ENCRYPTED-001",
      "F-ENCRYPTED-002",
      "F-FORENSICS-001",
      "F-FUSION-001",
      "F-MLOPS-001",
      "F-NOTIFICATION-001",
      "F-NOTIFY-001",
      "F-PREF-001",
      "F-PROBE-002",
      "F-RULE-001",
      "F-SCREEN-001",
      "F-SETTINGS-001"
    ],
    "p0_features": 16,
    "p0_features_with_formal_contract": 16
  },
  "errors": []
}
python scripts/alignment/build_adapter_risk_registry.py --check
{
  "status": "PASS",
  "catalog_sha256": "28f42fa3de31949a14234260347f31857ce6c27e2d3532aca7cefcfe08a4b120",
  "coverage": {
    "source_files": 73,
    "open_findings": 0,
    "counts_by_rule": {
      "default_demo_resource_id": 0,
      "derived_business_collection": 0,
      "derived_summary_fallback": 0,
      "fabricated_comparison_literal": 0,
      "fabricated_generic_snapshot": 0,
      "fixed_detail_business_fallback": 0,
      "fixed_detail_collection_fallback": 0,
      "fixed_detail_metric_literal": 0,
      "fixed_detail_timeline_literal": 0,
      "fixed_numeric_business_fallback": 0,
      "fixed_page_metric_fallback": 0,
      "fixed_screen_visual_fixture": 0,
      "generated_business_trend": 0,
      "hardcoded_private_ip_literal": 0,
      "runtime_business_fixture_object": 0,
      "runtime_mock_dependency": 0,
      "runtime_static_business_fallback": 0,
      "runtime_visual_fixture_bypass": 0,
      "truthy_numeric_fallback": 0
    },
    "resolved_in_this_slice": [
      "pageSnapshotAdapters graph hard-coded center IP fallback",
      "topic tunnel fabricated comparison literals",
      "topic tunnel truthy summary fallback and display-list business-row inference",
      "visual-breakdown query parameter no longer bypasses real page APIs with runtime fixture snapshots",
      "untyped page responses render partial and unavailable instead of guessed KPI values rows IDs or statuses",
      "graph landing queries no longer inject a fixed frontend center address",
      "topic delivery summary no longer derives report and evidence counts from completeness or display rows",
      "selected live adapters render missing addresses unavailable and contain no fixed private business address literals",
      "selected adapters preserve authoritative zero values across compatibility aliases",
      "data-quality topic rows require authoritative topic_health payloads instead of frontend-scaled aggregates",
      "production bundle statically excludes MSW worker modules and runtime fixture source graphs",
      "alert campaign and topic pilot fixture/live schema diff and sixteen-field displayed-value reconciliation are read-only and candidate-bound"
    ],
    "remaining": [
      "capture additional live zero empty partial and unavailable pilot windows beyond the current sampled reconciliation",
      "capture zero, empty, partial and unavailable live samples in Windows Chrome"
    ]
  }
}
python scripts/alignment/verify_common_response_adapter.py
{
  "status": "PASS",
  "features": [
    "F-COMMON-002",
    "F-COMMON-004",
    "F-ADAPTER-002"
  ],
  "repository_integrity": "PASS",
  "remediation_coverage": "PARTIAL",
  "formal_contracts": 3,
  "snapshot_required_fields": [
    "as_of",
    "contract_version",
    "generated_at",
    "missing_sections",
    "partial",
    "result_code",
    "schema_version",
    "snapshot_id",
    "source_watermarks",
    "trace_id"
  ],
  "error_catalog_codes": 13,
  "adapter_open_findings": 0,
  "adapter_counts_by_rule": {
    "default_demo_resource_id": 0,
    "derived_business_collection": 0,
    "derived_summary_fallback": 0,
    "fabricated_comparison_literal": 0,
    "fabricated_generic_snapshot": 0,
    "fixed_detail_business_fallback": 0,
    "fixed_detail_collection_fallback": 0,
    "fixed_detail_metric_literal": 0,
    "fixed_detail_timeline_literal": 0,
    "fixed_numeric_business_fallback": 0,
    "fixed_page_metric_fallback": 0,
    "fixed_screen_visual_fixture": 0,
    "generated_business_trend": 0,
    "hardcoded_private_ip_literal": 0,
    "runtime_business_fixture_object": 0,
    "runtime_mock_dependency": 0,
    "runtime_static_business_fallback": 0,
    "runtime_visual_fixture_bypass": 0,
    "truthy_numeric_fallback": 0
  },
  "adoption_gaps": [
    "the full handler inventory still contains legacy and domain-specific error codes",
    "operation_id current_revision projection_status and field_errors are not populated by every handler",
    "gateway status preservation and production error-distribution telemetry are not yet candidate-bound",
    "G2 through G8 evidence remains open"
  ],
  "errors": []
}
python scripts/alignment/check_openapi.py
{
  "result": "pass",
  "operations": 99,
  "errors": []
}
python scripts/alignment/check_migrations.py
{
  "result": "pass",
  "migration_count": 64,
  "clickhouse_migration_count": 7,
  "startup_schema_calls": [],
  "existing_runtime_ddl_debt": {},
  "errors": []
}
python scripts/alignment/check_event_catalog.py
{
  "schema_version": 1,
  "result": "pass",
  "counts": {
    "canonical_topics": 35,
    "kubernetes_additional_topics": 7,
    "observed_additional_topics": 6,
    "readiness": {
      "active": 27,
      "consumer_only": 2,
      "dlq": 2,
      "producer_only": 4
    },
    "schema_kinds": {
      "json-schema": 25,
      "protobuf": 10
    }
  },
  "gaps": {
    "producer_only": [
      "alert.saved-view.events.v1",
      "asset.discovery.events.v1",
      "asset.exports.v1",
      "notification.governance.events.v1"
    ],
    "consumer_only": [
      "asset.bindings.v1",
      "device.logs.v1"
    ],
    "dlq": [
      "dlq.probe.acks.v2",
      "dlq.v1"
    ],
    "allowed_additional": [
      "campaigns.v1",
      "detections.behavior.v1",
      "detections.business.v1",
      "dlq.cep-job",
      "dlq.feature-job",
      "dlq.rule-job",
      "l2.trigger.v1"
    ],
    "observed_additional": [
      "alert.events.v1",
      "dlq.pcap-index-job",
      "dlq.session.ch.v1",
      "perf-test",
      "session.late.v1",
      "test-metadata"
    ]
  },
  "errors": []
}
python scripts/alignment/generate_kafka_acl_plan.py --check-generated
{
  "schema_version": 1,
  "result": "pass",
  "counts": {
    "principals": 20,
    "canonical_topics": 35,
    "topic_bindings": 35,
    "additional_topics_blocked": 7,
    "producer_principals": 15,
    "consumer_principals": 14,
    "expanded_service_identities": 8,
    "expanded_workload_identities": 18
  },
  "errors": []
}
python scripts/alignment/verify_kafka_dlq_commit_barrier.py
{
  "schema_version": 1,
  "contract_id": "traffic-platform-kafka-dlq-commit-barrier-v1",
  "remediation_id": "T-KAFKA-003",
  "status": "PASS",
  "coverage_status": "PARTIAL_SHARED_GO_CONSUMER_WITH_DASHBOARD_AND_ALERT_RESPONSE_OWNED_SINGLE_BROKER_G1",
  "guarantees": 8,
  "source_assertions": [
    {
      "source": "go/control-plane/internal/common/kafka/consumer.go",
      "missing": [],
      "forbidden": [],
      "ordering_failures": []
    },
    {
      "source": "go/control-plane/internal/common/kafka/dlq.go",
      "missing": [],
      "forbidden": [],
      "ordering_failures": []
    },
    {
      "source": "go/control-plane/internal/common/kafka/consumer_dlq_acknowledgement_barrier_test.go",
      "missing": [],
      "forbidden": [],
      "ordering_failures": []
    },
    {
      "source": "go/control-plane/internal/alert/api/dashboard_task_pipeline.go",
      "missing": [],
      "forbidden": [],
      "ordering_failures": []
    },
    {
      "source": "go/control-plane/internal/alert/consumer/alert_response_dlq_barrier.go",
      "missing": [],
      "forbidden": [],
      "ordering_failures": []
    },
    {
      "source": "go/control-plane/cmd/alert-service/main.go",
      "missing": [],
      "forbidden": [],
      "ordering_failures": []
    },
    {
      "source": "go/control-plane/internal/common/kafka/consumer_batch_commit_test.go",
      "missing": [],
      "forbidden": [],
      "ordering_failures": []
    },
    {
      "source": "go/control-plane/internal/common/kafka/dlq_test.go",
      "missing": [],
      "forbidden": [],
      "ordering_failures": []
    },
    {
      "source": "go/control-plane/internal/alert/consumer/alert_response_real_kafka_integration_test.go",
      "missing": [],
      "forbidden": [],
      "ordering_failures": []
    },
    {
      "source": "scripts/alignment/verify_alert_response_real_kafka_ephemeral.py",
      "missing": [],
      "forbidden": [],
      "ordering_failures": []
    }
  ],
  "errors": [],
  "remaining_gates": [
    "repeat dashboard and alert-response poison-message DLQ acknowledgement failure on the approved replicated release-candidate broker; both owned single-broker G1 runs are not G2 or HA evidence",
    "reconcile the alert-response source offset DLQ target offset PostgreSQL receipt quarantine audit and provider ledger on the approved release candidate",
    "materialize and audit source-offset DLQ receipts for remaining non-dashboard and non-alert-response consumer domains",
    "consumer restart rebalance lag and duplicate convergence evidence",
    "approved canary rollback T+0 T+1 T+3 T+7 observation and independent sign-off",
    "inventory and migrate non-Go and dedicated consumer paths"
  ]
}
python scripts/alignment/verify_pcap_metadata_ack.py
{
  "schema_version": 1,
  "contract_id": "traffic-platform-pcap-metadata-ack-v1",
  "remediation_ids": [
    "F-PROBE-001",
    "T-KAFKA-003"
  ],
  "status": "PASS",
  "coverage_status": "PARTIAL_PROBE_TO_KAFKA_RECEIPT",
  "source_assertions": [
    {
      "source": "go/control-plane/internal/ingest/queue/producer.go",
      "missing": [],
      "forbidden": [],
      "ordering_failures": []
    },
    {
      "source": "go/control-plane/internal/ingest/server/handler.go",
      "missing": [],
      "forbidden": [],
      "ordering_failures": []
    },
    {
      "source": "rust/probe-agent/probe-agent/src/archiver/uploader.rs",
      "missing": [],
      "forbidden": [],
      "ordering_failures": []
    },
    {
      "source": "rust/probe-agent/probe-agent/src/archiver/upload_journal.rs",
      "missing": [],
      "forbidden": [],
      "ordering_failures": []
    },
    {
      "source": "go/control-plane/internal/ingest/server/pcap_ack_test.go",
      "missing": [],
      "forbidden": [],
      "ordering_failures": []
    }
  ],
  "errors": [],
  "remaining_gates": [
    "real MinIO upload Kafka RequireAll ACK Flink consume and ClickHouse index reconciliation by tenant probe file_key and sha256",
    "Kafka unavailable and ambiguous ACK fault injection with Agent restart and journal replay",
    "MinIO object manifest and hash verification before metadata acceptance",
    "bounded local retention capacity backpressure and cleanup evidence",
    "candidate deployment canary rollback and T+0 T+1 T+3 T+7 observation"
  ]
}
python scripts/alignment/verify_asset_expand_guardrails.py
{
  "status": "PASS",
  "errors": [],
  "remediation_ids": [
    "F-ASSET-001",
    "F-ASSET-002",
    "F-ASSET-003",
    "F-ASSET-004",
    "F-ASSET-005",
    "F-ASSET-006"
  ],
  "migration_versions": [
    "202607302030",
    "202607310015",
    "202607310030",
    "202607310045",
    "202607310100",
    "202607311300",
    "202607311315",
    "202607311330",
    "202608031510",
    "202608031520"
  ],
  "default_off_flags": [
    "ASSET_EVENT_OUTBOX_ENABLED",
    "ASSET_DISCOVERY_OUTBOX_ENABLED",
    "ASSET_PROJECTION_ENABLED",
    "ASSET_CURSOR_V2_ENABLED",
    "ASSET_DETAIL_SNAPSHOT_V1_ENABLED",
    "ASSET_DETAIL_CLICKHOUSE_ENABLED",
    "ASSET_DETAIL_NEBULA_ENABLED",
    "ASSET_DETAIL_EVIDENCE_ENABLED",
    "ASSET_GOVERNANCE_V1_ENABLED",
    "ASSET_DISCOVERY_JOBS_V2_ENABLED",
    "ASSET_DISCOVERY_WORKER_ENABLED",
    "ASSET_DISCOVERY_SCHEDULER_ENABLED",
    "ASSET_EXPORT_JOBS_V1_ENABLED",
    "ASSET_EXPORT_WORKER_ENABLED",
    "ASSET_EXPORT_OUTBOX_ENABLED"
  ],
  "production_applied": false
}
python scripts/alignment/verify_flink_state_recovery.py
{
  "schema_version": 1,
  "contract_id": "traffic-platform-flink-state-recovery-v1",
  "remediation_id": "T-FLINK-002",
  "status": "PASS",
  "canonical_jobs": 9,
  "operator_uids": 92,
  "deterministic_sources": 18,
  "checkpointed_buffers": [
    {
      "source": "java/flink-jobs/flink-session-job/src/main/java/com/traffic/flink/session/sink/FlowRawClickHouseSinkFunction.java",
      "state_name": "clickhouse-flow-raw-pending-v1",
      "ack_before_clear": true,
      "guarantee": "at-least-once with deterministic event_id"
    },
    {
      "source": "java/flink-jobs/flink-session-job/src/main/java/com/traffic/flink/session/sink/OpenSearchSinkFunction.java",
      "state_name": "opensearch-session-pending-v1",
      "ack_before_clear": true,
      "guarantee": "effectively-once document projection by deterministic event_id"
    },
    {
      "source": "java/flink-jobs/flink-log-job/src/main/java/com/traffic/flink/log/sink/LokiSinkFactory.java",
      "state_name": "loki-pending-streams-v1",
      "ack_before_clear": true,
      "guarantee": "at-least-once HTTP delivery with retained retry buffer"
    }
  ],
  "uid_results": [
    {
      "job_id": "flink-pcap-index-job",
      "required": 7,
      "found": 7,
      "missing": [],
      "unexpected": []
    },
    {
      "job_id": "flink-user-behavior-job",
      "required": 12,
      "found": 12,
      "missing": [],
      "unexpected": []
    },
    {
      "job_id": "flink-session-job",
      "required": 11,
      "found": 11,
      "missing": [],
      "unexpected": []
    },
    {
      "job_id": "flink-feature-job",
      "required": 12,
      "found": 12,
      "missing": [],
      "unexpected": []
    },
    {
      "job_id": "flink-rule-job",
      "required": 9,
      "found": 9,
      "missing": [],
      "unexpected": []
    },
    {
      "job_id": "flink-cep-job",
      "required": 11,
      "found": 11,
      "missing": [],
      "unexpected": []
    },
    {
      "job_id": "flink-behavior-job",
      "required": 11,
      "found": 11,
      "missing": [],
      "unexpected": []
    },
    {
      "job_id": "flink-alert-generator-job",
      "required": 14,
      "found": 14,
      "missing": [],
      "unexpected": []
    },
    {
      "job_id": "flink-log-job",
      "required": 5,
      "found": 5,
      "missing": [],
      "unexpected": []
    }
  ],
  "forbidden_hits": [],
  "errors": [],
  "remaining_gates": [
    "live checkpoint/restart fault injection",
    "late/duplicate/loss reconciliation",
    "production candidate rollout and observation"
  ]
}
python scripts/alignment/verify_flink_checkpoint_ha.py
{
  "schema_version": 1,
  "contract_id": "traffic-platform-flink-checkpoint-ha-upgrade-v1",
  "remediation_id": "T-FLINK-003",
  "status": "PASS",
  "canonical_jobs": 9,
  "session_jobmanager_replicas": 2,
  "application_jobmanager_replicas": 2,
  "hard_coded_latest_sources": [],
  "safe_default_sources": 5,
  "slo_alerts": [
    "FlinkCheckpointDurationExceedsHalfInterval",
    "FlinkCheckpointSuccessRatioBelowSLO",
    "FlinkJobRecoveryExceedsRTO"
  ],
  "errors": [],
  "remaining_gates": [
    "live HA topology and credential resolution",
    "checkpoint/savepoint/source/sink reconciliation",
    "SLO and RTO under approved state scale",
    "serial canary and rollback",
    "observation and independent approval",
    "external project gates"
  ]
}
python scripts/alignment/verify_flink_sink_reconciliation.py
{
  "schema_version": 1,
  "contract_id": "traffic-platform-flink-sink-reconciliation-v1",
  "remediation_id": "T-FLINK-004",
  "status": "PASS",
  "coverage_status": "PARTIAL",
  "canonical_jobs": 9,
  "declared_sinks": 21,
  "declared_gaps": 26,
  "source_assertions": [
    {
      "source": "java/flink-jobs/flink-pcap-index-job/src/main/java/com/traffic/flink/pcap/sink/ClickHousePcapSinkFactory.java",
      "missing": [],
      "forbidden": [],
      "ordering_failures": []
    },
    {
      "source": "java/flink-jobs/flink-pcap-index-job/src/main/java/com/traffic/flink/pcap/metrics/PcapIndexMetrics.java",
      "missing": [],
      "forbidden": [],
      "ordering_failures": []
    },
    {
      "source": "java/flink-jobs/flink-user-behavior-job/src/main/java/com/traffic/flink/behavior/user/sink/ClickHouseAnomalySink.java",
      "missing": [],
      "forbidden": [],
      "ordering_failures": []
    },
    {
      "source": "java/flink-jobs/flink-user-behavior-job/src/main/java/com/traffic/flink/behavior/user/UserBehaviorJob.java",
      "missing": [],
      "forbidden": [],
      "ordering_failures": []
    },
    {
      "source": "java/flink-jobs/flink-alert-generator-job/src/main/java/com/traffic/flink/alert/sink/OpenSearchAlertSinkFactory.java",
      "missing": [],
      "forbidden": [],
      "ordering_failures": []
    },
    {
      "source": "java/flink-jobs/flink-log-job/src/main/java/com/traffic/flink/log/sink/OpenSearchSinkFactory.java",
      "missing": [],
      "forbidden": [],
      "ordering_failures": []
    },
    {
      "source": "java/flink-jobs/flink-log-job/src/main/java/com/traffic/flink/log/sink/LokiSinkFactory.java",
      "missing": [],
      "forbidden": [],
      "ordering_failures": []
    },
    {
      "source": "java/flink-jobs/flink-session-job/src/main/java/com/traffic/flink/session/sink/FlowRawClickHouseSinkFunction.java",
      "missing": [],
      "forbidden": [],
      "ordering_failures": []
    },
    {
      "source": "java/flink-jobs/flink-session-job/src/main/java/com/traffic/flink/session/sink/OpenSearchSinkFunction.java",
      "missing": [],
      "forbidden": [],
      "ordering_failures": []
    }
  ],
  "schema_sources": [
    {
      "source": "deployments/clickhouse/migrations/202608031000_user_anomalies_v2.sql",
      "missing": []
    },
    {
      "source": "common/sql/ch/00-all-tables.sql",
      "missing": []
    },
    {
      "source": "deployments/kubernetes/init-jobs/03-clickhouse-schema.yaml",
      "missing": []
    },
    {
      "source": "go/control-plane/deployments/docker/init/clickhouse_merged.sql",
      "missing": []
    }
  ],
  "runtime_ddl_hits": [],
  "errors": [],
  "remaining_gates": [
    "complete the unified metric vector for all nine jobs",
    "add replay_id to every replayable projection and HTTP request",
    "checkpoint or durably quarantine every JDBC/HTTP partial failure path",
    "run live failure injection and key-level source-offset/sink reconciliation",
    "complete G4 through G8 performance, browser, release, rollback and observation gates"
  ]
}
python scripts/alignment/verify_flink_job_registry.py
{
  "schema_version": 1,
  "contract_id": "traffic-platform-flink-job-registry-v1",
  "remediation_id": "T-FLINK-005",
  "status": "PASS",
  "coverage_status": "PARTIAL",
  "canonical_jobs": 9,
  "operator_uid_hashes": 9,
  "release_registry": "NOT_PROVIDED",
  "runtime_diff": "NOT_PROVIDED",
  "contract_sha256": "9cee345ec830da0657b2c431fb0ad5de7d563a07636ec57e3bea325a3e8086a9",
  "errors": [],
  "remaining_gates": [
    "build and publish nine digest-bound job images",
    "materialize a release registry with artifact, image and savepoint hashes",
    "capture the live job registry and prove an exact field diff",
    "restore and rescale every stateful job across approved key-group ranges",
    "complete failure, rollback, observation and independent G2 through G8 gates"
  ]
}
python scripts/alignment/verify_pg_transaction_outbox.py
{
  "schema_version": 1,
  "contract_id": "traffic-platform-postgres-transaction-outbox-v1",
  "remediation_id": "T-PG-002",
  "status": "PASS",
  "coverage_status": "PARTIAL",
  "implemented_slice": "SaveAlertView",
  "publisher_status": "IMPLEMENTED_REPOSITORY",
  "transaction_facts": 5,
  "outbox_fields": 12,
  "source_assertions": [
    {
      "source": "go/control-plane/internal/alert/consumer/alert_response_event_consumer.go",
      "missing": [],
      "forbidden": [],
      "ordering_failed": false
    },
    {
      "source": "go/control-plane/internal/alert/consumer/alert_response_http_executor.go",
      "missing": [],
      "forbidden": [],
      "ordering_failed": false
    },
    {
      "source": "go/control-plane/internal/alert/api/handler_alert_response_workflow.go",
      "missing": [],
      "forbidden": [],
      "ordering_failed": false
    },
    {
      "source": "go/control-plane/internal/alert/consumer/alert_response_recovery_worker.go",
      "missing": [],
      "forbidden": [],
      "ordering_failed": false
    },
    {
      "source": "go/control-plane/internal/alert/consumer/alert_response_dlq_barrier.go",
      "missing": [],
      "forbidden": [],
      "ordering_failed": false
    },
    {
      "source": "go/control-plane/internal/alert/api/handler_alert_actions.go",
      "missing": [],
      "forbidden": [],
      "ordering_failed": false
    },
    {
      "source": "web/ui/src/services/alertTriageApi.ts",
      "missing": [],
      "forbidden": [],
      "ordering_failed": false
    },
    {
      "source": "go/control-plane/internal/alert/api/handler_alert_saved_view_outbox.go",
      "missing": [],
      "forbidden": [],
      "ordering_failed": false
    },
    {
      "source": "contracts/events/kafka-topic-catalog.v1.json",
      "missing": [],
      "forbidden": [],
      "ordering_failed": false
    },
    {
      "source": "go/control-plane/internal/alert/api/notification_governance_transaction.go",
      "missing": [],
      "forbidden": [],
      "ordering_failed": false
    },
    {
      "source": "go/control-plane/internal/alert/api/notification_governance_outbox.go",
      "missing": [],
      "forbidden": [],
      "ordering_failed": false
    },
    {
      "source": "web/ui/src/services/notificationGovernanceApi.ts",
      "missing": [],
      "forbidden": [],
      "ordering_failed": false
    },
    {
      "source": "go/control-plane/internal/alert/api/notification_template_transaction.go",
      "missing": [],
      "forbidden": [],
      "ordering_failed": false
    },
    {
      "source": "go/control-plane/internal/alert/api/notification_escalation_transaction.go",
      "missing": [],
      "forbidden": [],
      "ordering_failed": false
    },
    {
      "source": "go/control-plane/internal/alert/api/notification_silence_transaction.go",
      "missing": [],
      "forbidden": [],
      "ordering_failed": false
    },
    {
      "source": "go/control-plane/internal/alert/api/notification_settings_transaction.go",
      "missing": [],
      "forbidden": [],
      "ordering_failed": false
    },
    {
      "source": "go/control-plane/cmd/alert-service/main.go",
      "missing": [],
      "forbidden": [],
      "ordering_failed": false
    },
    {
      "source": "contracts/events/kafka-topic-catalog.v1.json",
      "missing": [],
      "forbidden": [],
      "ordering_failed": false
    },
    {
      "source": "go/control-plane/internal/auth/repository/user_settings_transaction.go",
      "missing": [],
      "forbidden": [],
      "ordering_failed": false
    },
    {
      "source": "go/control-plane/internal/auth/repository/user_settings_outbox.go",
      "missing": [],
      "forbidden": [],
      "ordering_failed": false
    },
    {
      "source": "go/control-plane/internal/auth/api/handler.go",
      "missing": [],
      "forbidden": [],
      "ordering_failed": false
    },
    {
      "source": "go/control-plane/cmd/auth-service/main.go",
      "missing": [],
      "forbidden": [],
      "ordering_failed": false
    },
    {
      "source": "contracts/events/kafka-topic-catalog.v1.json",
      "missing": [],
      "forbidden": [],
      "ordering_failed": false
    },
    {
      "source": "web/ui/src/services/pageApiPlans.ts",
      "missing": [],
      "forbidden": [],
      "ordering_failed": false
    },
    {
      "source": "go/control-plane/internal/asset/repository/atomic_upsert.go",
      "missing": [],
      "forbidden": [],
      "ordering_failed": false
    },
    {
      "source": "go/control-plane/internal/asset/repository/inactive_atomic.go",
      "missing": [],
      "forbidden": [],
      "ordering_failed": false
    },
    {
      "source": "go/control-plane/internal/asset/repository/outbox_dispatcher.go",
      "missing": [],
      "forbidden": [],
      "ordering_failed": false
    },
    {
      "source": "go/control-plane/internal/asset/repository/discovery_jobs.go",
      "missing": [],
      "forbidden": [],
      "ordering_failed": false
    },
    {
      "source": "go/control-plane/internal/asset/repository/discovery_legacy_atomic.go",
      "missing": [],
      "forbidden": [],
      "ordering_failed": false
    },
    {
      "source": "go/control-plane/internal/asset/repository/discovery_resource_atomic.go",
      "missing": [],
      "forbidden": [],
      "ordering_failed": false
    },
    {
      "source": "go/control-plane/internal/asset/repository/discovery_outbox_dispatcher.go",
      "missing": [],
      "forbidden": [],
      "ordering_failed": false
    },
    {
      "source": "go/control-plane/internal/auth/repository/user_command_atomic.go",
      "missing": [],
      "forbidden": [],
      "ordering_failed": false
    },
    {
      "source": "go/control-plane/internal/auth/repository/user_command_outbox.go",
      "missing": [],
      "forbidden": [],
      "ordering_failed": false
    },
    {
      "source": "go/control-plane/internal/auth/api/handler.go",
      "missing": [],
      "forbidden": [],
      "ordering_failed": false
    },
    {
      "source": "go/control-plane/internal/alert/api/handler_system.go",
      "missing": [],
      "forbidden": [],
      "ordering_failed": false
    },
    {
      "source": "go/control-plane/internal/alert/api/campaign_action_jobs.go",
      "missing": [],
      "forbidden": [],
      "ordering_failed": false
    },
    {
      "source": "go/control-plane/internal/alert/api/campaign_workbench_state.go",
      "missing": [],
      "forbidden": [],
      "ordering_failed": false
    },
    {
      "source": "go/control-plane/internal/alert/api/campaign_aggregate_v2.go",
      "missing": [],
      "forbidden": [],
      "ordering_failed": false
    },
    {
      "source": "go/control-plane/internal/ingest/server/probe_registry.go",
      "missing": [],
      "forbidden": [],
      "ordering_failed": false
    },
    {
      "source": "go/control-plane/cmd/threat-intel-service/command_atomic.go",
      "missing": [],
      "forbidden": [],
      "ordering_failed": false
    },
    {
      "source": "go/control-plane/internal/alert/threatintel/threat_intel.go",
      "missing": [],
      "forbidden": [],
      "ordering_failed": false
    },
    {
      "source": "go/control-plane/internal/forensics/repository/task_command_atomic.go",
      "missing": [],
      "forbidden": [],
      "ordering_failed": false
    },
    {
      "source": "go/control-plane/internal/forensics/repository/task_repository.go",
      "missing": [],
      "forbidden": [],
      "ordering_failed": false
    },
    {
      "source": "go/control-plane/internal/forensics/api/handler.go",
      "missing": [],
      "forbidden": [],
      "ordering_failed": false
    },
    {
      "source": "go/control-plane/internal/alert/whitelist/command_atomic.go",
      "missing": [],
      "forbidden": [],
      "ordering_failed": false
    },
    {
      "source": "go/control-plane/internal/alert/whitelist/handler.go",
      "missing": [],
      "forbidden": [],
      "ordering_failed": false
    },
    {
      "source": "go/control-plane/internal/alert/whitelist/outbox_dispatcher.go",
      "missing": [],
      "forbidden": [],
      "ordering_failed": false
    },
    {
      "source": "go/control-plane/internal/rules/consumer/whitelist_rule_effect_consumer.go",
      "missing": [],
      "forbidden": [],
      "ordering_failed": false
    },
    {
      "source": "web/ui/src/services/whitelistGovernanceApi.ts",
      "missing": [],
      "forbidden": [],
      "ordering_failed": false
    },
    {
      "source": "go/control-plane/internal/forensics/api/handler.go",
      "missing": [],
      "forbidden": [],
      "ordering_failed": false
    },
    {
      "source": "go/control-plane/internal/alert/api/dashboard_task_v2.go",
      "missing": [],
      "forbidden": [],
      "ordering_failed": false
    },
    {
      "source": "go/control-plane/internal/alert/api/dashboard_task_pipeline.go",
      "missing": [],
      "forbidden": [],
      "ordering_failed": false
    },
    {
      "source": "web/ui/src/services/dashboardTaskApi.ts",
      "missing": [],
      "forbidden": [],
      "ordering_failed": false
    },
    {
      "source": "web/ui/src/pages/DashboardOperationsPage.tsx",
      "missing": [],
      "forbidden": [],
      "ordering_failed": false
    },
    {
      "source": "go/control-plane/cmd/alert-service/main.go",
      "missing": [],
      "forbidden": [],
      "ordering_failed": false
    }
  ],
  "schema_sources": [
    {
      "source": "deployments/postgres/migrations/202608031100_alert_saved_view_transaction_v2.sql",
      "missing": []
    },
    {
      "source": "common/sql/pg/04-tasks-audit.sql",
      "missing": []
    },
    {
      "source": "deployments/kubernetes/init-jobs/02-postgres-schema.yaml",
      "missing": []
    },
    {
      "source": "go/control-plane/deployments/docker/init/postgres_merged.sql",
      "missing": []
    }
  ],
  "additional_slices": [
    "CreateNotificationRule/PatchNotificationRule",
    "CreateNotificationTemplate/PatchNotificationTemplate",
    "CreateNotificationEscalationPolicy/PatchNotificationEscalationPolicy",
    "CreateNotificationSilenceRule/PatchNotificationSilenceRule",
    "UpdateNotificationSettings",
    "UpdateUserSettingsCommand",
    "UpsertAtomic",
    "MarkInactiveSinceAtomic",
    "Create/Start/CompleteLegacyDiscoveryRunAtomic",
    "UpsertDiscoveryCredentialAtomic",
    "UpsertTopologyLinkAtomic",
    "AuthenticatedUserCommandsAtomic",
    "SyncOIDCUserAtomic",
    "CampaignAggregateV2CommandCompatibility",
    "ProbeRegistrationAtomic",
    "ThreatIntelCommandAtomic",
    "ForensicsTaskCommandAtomic",
    "WhitelistGovernanceV2",
    "DashboardTaskLifecycleV2",
    "AlertResponseExternalExecutionV1"
  ],
  "noncanonical_slice_ids": [],
  "additional_schema_groups": [
    {
      "name": "notification_rule_transaction_v2",
      "sources": [
        {
          "source": "deployments/postgres/migrations/202608031300_notification_rule_transaction_v2.sql",
          "missing": []
        },
        {
          "source": "common/sql/pg/04-tasks-audit.sql",
          "missing": []
        },
        {
          "source": "deployments/kubernetes/init-jobs/02-postgres-schema.yaml",
          "missing": []
        },
        {
          "source": "go/control-plane/deployments/docker/init/postgres_merged.sql",
          "missing": []
        }
      ]
    },
    {
      "name": "user_settings_transaction_v2",
      "sources": [
        {
          "source": "deployments/postgres/migrations/202608031500_user_settings_transaction_v2.sql",
          "missing": []
        },
        {
          "source": "common/sql/pg/00-init.sql",
          "missing": []
        },
        {
          "source": "deployments/kubernetes/init-jobs/02-postgres-schema.yaml",
          "missing": []
        },
        {
          "source": "go/control-plane/deployments/docker/init/postgres_merged.sql",
          "missing": []
        }
      ]
    },
    {
      "name": "asset_atomic_upsert_v2",
      "sources": [
        {
          "source": "deployments/postgres/migrations/202607310015_asset_atomic_upsert_v2.sql",
          "missing": []
        },
        {
          "source": "common/sql/pg/01-assets.sql",
          "missing": []
        },
        {
          "source": "deployments/kubernetes/init-jobs/02-postgres-schema.yaml",
          "missing": []
        },
        {
          "source": "go/control-plane/deployments/docker/init/postgres_merged.sql",
          "missing": []
        }
      ]
    },
    {
      "name": "asset_projection_inbox",
      "sources": [
        {
          "source": "deployments/postgres/migrations/202607310030_asset_projection_inbox.sql",
          "missing": []
        },
        {
          "source": "common/sql/pg/01-assets.sql",
          "missing": []
        },
        {
          "source": "deployments/kubernetes/init-jobs/02-postgres-schema.yaml",
          "missing": []
        },
        {
          "source": "go/control-plane/deployments/docker/init/postgres_merged.sql",
          "missing": []
        }
      ]
    },
    {
      "name": "asset_legacy_mutation_atomic",
      "sources": [
        {
          "source": "deployments/postgres/migrations/202608031510_asset_legacy_mutation_atomic.sql",
          "missing": []
        },
        {
          "source": "common/sql/pg/01-assets.sql",
          "missing": []
        },
        {
          "source": "deployments/kubernetes/init-jobs/02-postgres-schema.yaml",
          "missing": []
        },
        {
          "source": "go/control-plane/deployments/docker/init/postgres_merged.sql",
          "missing": []
        }
      ]
    },
    {
      "name": "asset_discovery_resource_atomic",
      "sources": [
        {
          "source": "deployments/postgres/migrations/202608031520_asset_discovery_resource_atomic.sql",
          "missing": []
        },
        {
          "source": "common/sql/pg/01-assets.sql",
          "missing": []
        },
        {
          "source": "deployments/kubernetes/init-jobs/02-postgres-schema.yaml",
          "missing": []
        },
        {
          "source": "go/control-plane/deployments/docker/init/postgres_merged.sql",
          "missing": []
        }
      ]
    },
    {
      "name": "user_commands_atomic",
      "sources": [
        {
          "source": "deployments/postgres/migrations/202608031530_user_commands_atomic.sql",
          "missing": []
        },
        {
          "source": "common/sql/pg/00-init.sql",
          "missing": []
        },
        {
          "source": "deployments/kubernetes/init-jobs/02-postgres-schema.yaml",
          "missing": []
        },
        {
          "source": "go/control-plane/deployments/docker/init/postgres_merged.sql",
          "missing": []
        }
      ]
    },
    {
      "name": "campaign_aggregate_v2",
      "sources": [
        {
          "source": "deployments/postgres/migrations/202608010700_campaign_aggregate_v2.sql",
          "missing": []
        },
        {
          "source": "common/sql/pg/04-tasks-audit.sql",
          "missing": []
        },
        {
          "source": "deployments/kubernetes/init-jobs/02-postgres-schema.yaml",
          "missing": []
        },
        {
          "source": "go/control-plane/deployments/docker/init/postgres_merged.sql",
          "missing": []
        }
      ]
    },
    {
      "name": "probe_registry_atomic",
      "sources": [
        {
          "source": "deployments/postgres/migrations/202608031540_probe_registry_atomic.sql",
          "missing": []
        },
        {
          "source": "common/sql/pg/00-init.sql",
          "missing": []
        },
        {
          "source": "deployments/kubernetes/init-jobs/02-postgres-schema.yaml",
          "missing": []
        },
        {
          "source": "go/control-plane/deployments/docker/init/postgres_merged.sql",
          "missing": []
        }
      ]
    },
    {
      "name": "threat_intel_command_atomic",
      "sources": [
        {
          "source": "deployments/postgres/migrations/202608031550_threat_intel_command_atomic.sql",
          "missing": []
        },
        {
          "source": "deployments/kubernetes/init-jobs/02-postgres-schema.yaml",
          "missing": []
        },
        {
          "source": "go/control-plane/deployments/docker/init/postgres_merged.sql",
          "missing": []
        }
      ]
    },
    {
      "name": "forensics_task_command_atomic",
      "sources": [
        {
          "source": "deployments/postgres/migrations/202608031600_forensics_task_command_atomic.sql",
          "missing": []
        },
        {
          "source": "common/sql/pg/09-forensics-task-atomic.sql",
          "missing": []
        },
        {
          "source": "deployments/kubernetes/init-jobs/02-postgres-schema.yaml",
          "missing": []
        },
        {
          "source": "go/control-plane/deployments/docker/init/postgres_merged.sql",
          "missing": []
        }
      ]
    },
    {
      "name": "whitelist_governance_v2",
      "sources": [
        {
          "source": "deployments/postgres/migrations/202608031610_whitelist_governance_v2.sql",
          "missing": []
        },
        {
          "source": "common/sql/pg/10-whitelist-governance-v2.sql",
          "missing": []
        },
        {
          "source": "deployments/kubernetes/init-jobs/02-postgres-schema.yaml",
          "missing": []
        },
        {
          "source": "go/control-plane/deployments/docker/init/postgres_merged.sql",
          "missing": []
        }
      ]
    },
    {
      "name": "dashboard_task_v2",
      "sources": [
        {
          "source": "deployments/postgres/migrations/202608031620_dashboard_task_v2.sql",
          "missing": []
        },
        {
          "source": "common/sql/pg/11-dashboard-task-v2.sql",
          "missing": []
        },
        {
          "source": "deployments/kubernetes/init-jobs/02-postgres-schema.yaml",
          "missing": []
        },
        {
          "source": "go/control-plane/deployments/docker/init/postgres_merged.sql",
          "missing": []
        }
      ]
    },
    {
      "name": "dashboard_task_execution_pipeline_v1",
      "sources": [
        {
          "source": "deployments/postgres/migrations/202608041930_dashboard_task_execution_pipeline_v1.sql",
          "missing": []
        },
        {
          "source": "common/sql/pg/12-dashboard-task-execution-pipeline-v1.sql",
          "missing": []
        },
        {
          "source": "deployments/kubernetes/init-jobs/02-postgres-schema.yaml",
          "missing": []
        },
        {
          "source": "go/control-plane/deployments/docker/init/postgres_merged.sql",
          "missing": []
        }
      ]
    },
    {
      "name": "dashboard_task_compensation_v1",
      "sources": [
        {
          "source": "deployments/postgres/migrations/202608082100_dashboard_task_compensation_v1.sql",
          "missing": []
        },
        {
          "source": "common/sql/pg/13-dashboard-task-compensation-v1.sql",
          "missing": []
        },
        {
          "source": "deployments/kubernetes/init-jobs/02-postgres-schema.yaml",
          "missing": []
        },
        {
          "source": "go/control-plane/deployments/docker/init/postgres_merged.sql",
          "missing": []
        }
      ]
    },
    {
      "name": "dashboard_task_dlq_receipt_v1",
      "sources": [
        {
          "source": "deployments/postgres/migrations/202608090945_dashboard_task_dlq_receipt_v1.sql",
          "missing": []
        },
        {
          "source": "common/sql/pg/14-dashboard-task-dlq-receipt-v1.sql",
          "missing": []
        },
        {
          "source": "deployments/kubernetes/init-jobs/02-postgres-schema.yaml",
          "missing": []
        },
        {
          "source": "go/control-plane/deployments/docker/init/postgres_merged.sql",
          "missing": []
        }
      ]
    },
    {
      "name": "alert_response_external_executor_v1",
      "sources": [
        {
          "source": "deployments/postgres/migrations/202608091130_alert_response_external_executor_v1.sql",
          "missing": []
        },
        {
          "source": "common/sql/pg/15-alert-response-external-executor-v1.sql",
          "missing": []
        },
        {
          "source": "deployments/kubernetes/init-jobs/02-postgres-schema.yaml",
          "missing": []
        },
        {
          "source": "go/control-plane/deployments/docker/init/postgres_merged.sql",
          "missing": []
        }
      ]
    },
    {
      "name": "alert_response_dlq_receipt_v1",
      "sources": [
        {
          "source": "deployments/postgres/migrations/202608091230_alert_response_dlq_receipt_v1.sql",
          "missing": []
        },
        {
          "source": "common/sql/pg/16-alert-response-dlq-receipt-v1.sql",
          "missing": []
        },
        {
          "source": "deployments/kubernetes/init-jobs/02-postgres-schema.yaml",
          "missing": []
        },
        {
          "source": "go/control-plane/deployments/docker/init/postgres_merged.sql",
          "missing": []
        }
      ]
    },
    {
      "name": "alert_response_reconciliation_compensation_v1",
      "sources": [
        {
          "source": "deployments/postgres/migrations/202608091500_alert_response_reconciliation_compensation_v1.sql",
          "missing": []
        },
        {
          "source": "common/sql/pg/17-alert-response-reconciliation-compensation-v1.sql",
          "missing": []
        },
        {
          "source": "deployments/kubernetes/init-jobs/02-postgres-schema.yaml",
          "missing": []
        },
        {
          "source": "go/control-plane/deployments/docker/init/postgres_merged.sql",
          "missing": []
        }
      ]
    },
    {
      "name": "whitelist_rule_projection_v1",
      "sources": [
        {
          "source": "deployments/postgres/migrations/202608071930_whitelist_rule_projection_v1.sql",
          "missing": []
        },
        {
          "source": "common/sql/pg/10-whitelist-governance-v2.sql",
          "missing": []
        },
        {
          "source": "deployments/kubernetes/init-jobs/02-postgres-schema.yaml",
          "missing": []
        },
        {
          "source": "go/control-plane/deployments/docker/init/postgres_merged.sql",
          "missing": []
        }
      ]
    }
  ],
  "errors": [],
  "remaining_gates": [
    "review the versioned mutable-command inventory and close each business-audit-outbox transaction gap",
    "operate the saved-view, notification-governance, user-settings, user-command and asset outbox workers against the release-candidate Kafka and reconcile pending processing published and dead counts",
    "operate the default-off dashboard lifecycle and poison-event DLQ barrier against one approved candidate and reconcile PostgreSQL Kafka provider audit and source-offset authority",
    "operate the default-off alert response executor against one approved candidate and reconcile approval outbox Kafka provider receipt authority audit and compensation boundary",
    "run live fault injection after commit, before publish, and after Kafka ACK before published marking",
    "prove event_id and aggregate_version deduplication in real consumers",
    "run live debt queries, lock metrics, cleanup retention, rollback and observation gates"
  ]
}
python scripts/alignment/verify_pg_ha_pitr.py
{
  "schema_version": 1,
  "contract_id": "traffic-platform-postgres-ha-pitr-fencing-v1",
  "remediation_id": "T-PG-006",
  "status": "PASS",
  "coverage_status": "PARTIAL_SAFE_HOLD",
  "repository_mode": "safe-hold-readiness-only",
  "automated_promotion_enabled": false,
  "pitr_repository_state": "NOT_IMPLEMENTED",
  "declared_primary_replicas": 1,
  "declared_standby_replicas": 2,
  "unsafe_promotion_hits": [],
  "errors": [],
  "remaining_gates": [
    "release-candidate topology, controller, TLS, backup and WAL archive",
    "primary epoch, transaction, outbox, replica and restored-data reconciliation",
    "approved RTO, RPO, reconnect, WAL and resource budgets",
    "maintenance-window failover, PITR, rollback and former-primary rejoin",
    "T+0 T+1 T+3 T+7 observation and independent approval",
    "external HA and site acceptance"
  ]
}
python scripts/alignment/verify_redis_reliability_domains.py
{
  "schema_version": 1,
  "contract_id": "traffic-platform-redis-reliability-domains-v1",
  "remediation_id": "T-REDIS-001",
  "status": "PASS",
  "coverage_status": "PARTIAL_SAFE_HOLD",
  "repository_mode": "safe-hold-with-isolated-cache-target",
  "production_applied": false,
  "reliable_policies": {
    "redis-master": "noeviction",
    "redis-replica": "noeviction"
  },
  "cache_policy": "allkeys-lru",
  "workload_bindings": 6,
  "mixed_clients_remaining": 5,
  "keyspace_prefixes": 9,
  "errors": [],
  "remaining_gates": [
    "split rule-manager graph-service and forensics-service mixed clients by semantic domain",
    "live prefix inventory and zero cross-domain key reconciliation",
    "release-candidate noeviction and cache-bypass runtime proof",
    "Sentinel failover reconnect and session authentication fault drills",
    "cache eviction and stampede performance budgets",
    "TLS ACL service identities and dangerous-command restrictions under T-REDIS-002",
    "rollout rollback observation and independent approval"
  ]
}
python scripts/alignment/verify_minio_object_governance.py
{
  "schema_version": 1,
  "contract_id": "traffic-platform-minio-object-governance-v1",
  "remediation_ids": [
    "T-MINIO-002",
    "T-MINIO-003",
    "T-MINIO-004"
  ],
  "status": "PASS",
  "coverage_status": "REPOSITORY_BUCKET_AND_POLICY_BASELINE_PARTIAL",
  "production_applied": false,
  "bucket_count": 5,
  "object_class_count": 8,
  "repository_lifecycle_buckets": [
    "pcap-archive",
    "report-artifacts"
  ],
  "governed_bootstrap_buckets": [
    "argo-artifacts",
    "flink-checkpoints",
    "pcap-archive",
    "report-artifacts",
    "traffic-models"
  ],
  "governed_bootstrap_verified_buckets": [
    "argo-artifacts",
    "flink-checkpoints",
    "pcap-archive",
    "report-artifacts",
    "traffic-models"
  ],
  "workflow_minio_env_sets": 4,
  "infrastructure": {
    "server_replicas": 4,
    "pdb_max_unavailable": 1,
    "proxy_replicas": 1
  },
  "known_gap_count": 7,
  "closure_blocker_count": 6,
  "errors": []
}
python scripts/alignment/verify_minio_service_identities.py
{
  "consumer_manifest_count": 11,
  "contract_id": "traffic-platform-minio-service-identities-v1",
  "errors": [],
  "identity_count": 7,
  "policy_count": 7,
  "production_applied": false,
  "status": "PASS"
}
python scripts/alignment/verify_minio_tls_material.py
{
  "client_ca_namespace_count": 3,
  "contract_id": "traffic-platform-minio-tls-material-v1",
  "cutover_ready": false,
  "errors": [],
  "phase": "adapter_bundle_built_default_off",
  "production_applied": false,
  "server_san_count": 8,
  "status": "PASS"
}
python scripts/alignment/verify_minio_tls_cutover.py
{
  "component_count": 14,
  "contract_id": "traffic-platform-minio-tls-cutover-v1",
  "cutover_ready": false,
  "default_off": true,
  "errors": [],
  "production_applied": false,
  "rendered_resource_count": 43,
  "status": "PASS"
}
python scripts/alignment/verify_kafka_event_envelope.py
{
  "schema_version": 1,
  "contract_id": "traffic-platform-kafka-event-envelope-idempotency-v1",
  "remediation_id": "T-KAFKA-002",
  "status": "PASS",
  "coverage_status": "PARTIAL_DETECTION_VERTICAL_SLICE",
  "production_applied": false,
  "header_field_count": 21,
  "detection_partition_key": "tenant_id:community_id",
  "errors": [],
  "remaining_gates": [
    "inventory and migrate every canonical producer and consumer to the envelope",
    "register Proto and JSON compatibility policy in the approved registry",
    "real Kafka replay proves one business ID set for the same source events",
    "real duplicate out-of-order poison and DLQ failure injection",
    "offset projection audit and cross-store reconciliation",
    "partition ordering lag message-size PII and throughput budgets",
    "approved canary rollback observation and independent sign-off"
  ]
}
python scripts/alignment/verify_clickhouse_schema_authority.py
{
  "status": "PASS",
  "coverage_status": "PARTIAL_MIGRATION_AUTHORITY_AND_DRIFT_INVENTORY",
  "production_applied": false,
  "migration_count": 7,
  "migration_inventory": [
    {
      "path": "deployments/clickhouse/migrations/202607300000_schema_authority.sql",
      "version": "202607300000",
      "sha256": "b6e5dbda0ee12c2311d4b4c42112932153521062a5206efd7725cc1e207b440b",
      "objects": [
        "alignment_schema_migrations",
        "alignment_schema_migrations_local"
      ]
    },
    {
      "path": "deployments/clickhouse/migrations/202607302045_alert_feedback.sql",
      "version": "202607302045",
      "sha256": "6985316c9db373d5e64bc3096164345c12fbe5c28654df39902dfa57b5792c08",
      "objects": [
        "alert_feedback",
        "alert_feedback_local"
      ]
    },
    {
      "path": "deployments/clickhouse/migrations/202608010900_campaign_projection_events_v2.sql",
      "version": "202608010900",
      "sha256": "2e024b7c7e52da747d6d162de096e8bf0ac830c1c0be1d5485d9228de93ea9a1",
      "objects": [
        "campaign_projection_events_v2",
        "campaign_projection_events_v2_local"
      ]
    },
    {
      "path": "deployments/clickhouse/migrations/202608031000_user_anomalies_v2.sql",
      "version": "202608031000",
      "sha256": "dee6b521924b39fc51494a99f6d9f1d995a57d73f92f4a8e5fe7ed32680443ae",
      "objects": [
        "user_anomalies_v2",
        "user_anomalies_v2_local"
      ]
    },
    {
      "path": "deployments/clickhouse/migrations/202608031330_alert_feedback_v2.sql",
      "version": "202608031330",
      "sha256": "6fc1eb4bf080556c3e1c9248bbc35f44018fee8d1bd39ea9416253c984ddbc72",
      "objects": [
        "alert_feedback_v2",
        "alert_feedback_v2_local"
      ]
    },
    {
      "path": "deployments/clickhouse/migrations/202608031600_sessions_daily_rollup_v1.sql",
      "version": "202608031600",
      "sha256": "46b2c5ad1bf46c8a132cd08f033e418961721aed037d559b1c1550dc7ec77a8b",
      "objects": [
        "mv_sessions_daily_rollup_v1_local",
        "sessions_daily_rollup_v1",
        "sessions_daily_rollup_v1_local"
      ]
    },
    {
      "path": "deployments/clickhouse/migrations/202608041300_alert_trace_correlation_v1.sql",
      "version": "202608041300",
      "sha256": "e70aea7b716c7d208daba84611463593adc9c5a49d53513585a0dc60c4c89fcc",
      "objects": []
    }
  ],
  "legacy_source_count": 12,
  "legacy_drift_detected": true,
  "legacy_inventory": [
    {
      "path": "common/sql/ch/00-all-tables.sql",
      "sha256": "b2ad3129d5b130b1ebac09c9e8d613931f64495be36efa588d8fec3f7e09e15e",
      "disposition": "legacy_drift_blocked",
      "object_count": 22,
      "objects": [
        "alerts",
        "alerts_local",
        "attack_chain_recommendations",
        "attack_chain_recommendations_local",
        "campaign_projection_events_v2",
        "campaign_projection_events_v2_local",
        "campaigns",
        "campaigns_local",
        "evidence",
        "evidence_local",
        "feature_fp",
        "feature_fp_local",
        "feature_stat",
        "feature_stat_local",
        "flows_raw",
        "flows_raw_local",
        "pcap_index",
        "pcap_index_local",
        "sessions",
        "sessions_local",
        "user_anomalies_v2",
        "user_anomalies_v2_local"
      ]
    },
    {
      "path": "common/sql/ch/01-extended.sql",
      "sha256": "06160da7c1e38f504ea7726b62f13268ffba6fa97f0839e10218dcd0fcbac340",
      "disposition": "legacy_drift_blocked",
      "object_count": 8,
      "objects": [
        "device_logs",
        "device_logs_local",
        "dlq_events",
        "dlq_events_local",
        "graph_query_log",
        "graph_query_log_local",
        "user_events",
        "user_events_local"
      ]
    },
    {
      "path": "common/sql/ch/03-attack-chain-recommendations.sql",
      "sha256": "5afe1a2608293a5ee95f1189a9842184723468686c0f4f2a5468b9b35967be28",
      "disposition": "legacy_drift_blocked",
      "object_count": 2,
      "objects": [
        "attack_chain_recommendations",
        "attack_chain_recommendations_local"
      ]
    },
    {
      "path": "deployments/kubernetes/init-jobs/03-clickhouse-schema.yaml",
      "sha256": "8ca1010db70655b9740a0b3bf2327f99838145bf15b20d109c98dcb976895c6b",
      "disposition": "legacy_kubernetes_entrypoint",
      "object_count": 35,
      "objects": [
        "alerts",
        "alerts_latest",
        "alerts_latest_local",
        "alerts_latest_mv",
        "alerts_local",
        "campaign_projection_events_v2",
        "campaign_projection_events_v2_local",
        "campaigns",
        "campaigns_local",
        "detections_behavior",
        "detections_behavior_local",
        "device_logs",
        "device_logs_local",
        "dlq_events",
        "dlq_events_local",
        "entity_graph_edges",
        "entity_graph_edges_local",
        "entity_graph_nodes",
        "entity_graph_nodes_local",
        "evidence",
        "evidence_local",
        "feature_fp",
        "feature_fp_local",
        "feature_stat",
        "feature_stat_local",
        "flows_raw",
        "flows_raw_local",
        "pcap_index",
        "pcap_index_local",
        "sessions",
        "sessions_local",
        "user_anomalies_v2",
        "user_anomalies_v2_local",
        "user_events",
        "user_events_local"
      ]
    },
    {
      "path": "go/control-plane/deployments/docker/init/clickhouse_merged.sql",
      "sha256": "5e60ea14453ca59a901c46aadd49df7b8e6f077d0fbec9f758b3d7c9bc2663de",
      "disposition": "legacy_docker_entrypoint",
      "object_count": 84,
      "objects": [
        "alert_correlation_graph",
        "alert_correlation_graph_local",
        "alert_feedback",
        "alert_feedback_local",
        "alert_state_transitions",
        "alert_state_transitions_local",
        "alert_status_transitions_summary",
        "alert_status_transitions_summary_local",
        "alert_trend_hour",
        "alert_trend_hour_local",
        "alerts",
        "alerts_latest",
        "alerts_latest_local",
        "alerts_local",
        "campaign_projection_events_v2",
        "campaign_projection_events_v2_local",
        "campaigns",
        "campaigns_local",
        "dedup_stats",
        "dedup_stats_local",
        "dedup_summary_hourly",
        "dedup_summary_hourly_local",
        "detections_behavior",
        "detections_behavior_local",
        "detections_business",
        "detections_business_local",
        "entity_graph_edges",
        "entity_graph_edges_local",
        "entity_graph_nodes",
        "entity_graph_nodes_local",
        "evidence",
        "evidence_local",
        "feature_fp",
        "feature_fp_local",
        "feature_seq",
        "feature_seq_local",
        "feature_stat",
        "feature_stat_local",
        "feedback_summary_daily",
        "feedback_summary_daily_local",
        "flows_raw",
        "flows_raw_local",
        "graph_cache_stats",
        "graph_cache_stats_local",
        "graph_hot_ips",
        "graph_hot_ips_local",
        "graph_ip_affinity",
        "graph_ip_affinity_local",
        "graph_query_log",
        "graph_query_log_local",
        "graph_slow_queries",
        "graph_slow_queries_local",
        "model_feedback_metrics",
        "model_feedback_metrics_local",
        "mv_alert_status_transitions_summary_local",
        "mv_alert_trend_hour_local",
        "mv_alerts_latest_local",
        "mv_alerts_local",
        "mv_dedup_summary_hourly_local",
        "mv_feedback_summary_daily_local",
        "mv_graph_cache_stats_local",
        "mv_graph_hot_ips_local",
        "mv_graph_ip_affinity_local",
        "mv_graph_slow_queries_local",
        "notification_events",
        "notification_events_local",
        "pcap_index",
        "pcap_index_local",
        "run_report",
        "run_report_local",
        "sessions",
        "sessions_end_reason_hourly",
        "sessions_end_reason_hourly_local",
        "sessions_local",
        "sessions_tcp_success_rate_hourly",
        "sessions_tcp_success_rate_hourly_local",
        "storage_health_events",
        "storage_health_events_local",
        "user_anomalies_v2",
        "user_anomalies_v2_local",
        "v_graph_query_performance",
        "v_graph_top_ips_24h",
        "whitelist_rules",
        "whitelist_rules_local"
      ]
    },
    {
      "path": "java/flink-jobs/flink-alert-generator-job/deployments/docker/clickhouse/init.sql",
      "sha256": "b39df625560767ab81d86863403fcfc3442bdec8861c69c20b44156d5138628f",
      "disposition": "legacy_component_fixture",
      "object_count": 7,
      "objects": [
        "alert_trend_hour",
        "alerts_local",
        "dedup_stats_local",
        "detections_behavior_local",
        "detections_business_local",
        "evidence_local",
        "mv_alert_trend_hour"
      ]
    },
    {
      "path": "java/flink-jobs/flink-behavior-job/deployments/docker/clickhouse-init.sql",
      "sha256": "9b60d3c0c644081505a3302f911f513fff984cd74d7830422498a14afd74c323",
      "disposition": "legacy_component_fixture",
      "object_count": 5,
      "objects": [
        "detections_behavior_local",
        "hot_objects_stats",
        "model_performance_stats",
        "mv_detections_daily",
        "mv_detections_hourly"
      ]
    },
    {
      "path": "java/flink-jobs/flink-cep-job/deployments/docker/clickhouse-init/01-init-campaigns.sql",
      "sha256": "8660db3e1922423e636b0f7633a190483987657519b33c78cca2d848a563dfa7",
      "disposition": "legacy_component_fixture",
      "object_count": 5,
      "objects": [
        "campaign_phase_stats_daily",
        "campaign_stats_hourly",
        "campaigns_local",
        "v_campaigns_24h",
        "v_high_risk_campaigns"
      ]
    },
    {
      "path": "java/flink-jobs/flink-feature-job/deployments/docker/init-clickhouse.sql",
      "sha256": "2980d3f424d97dc50e82d3da62c1ca610f387355b0693e5295e8bd10e4c073a7",
      "disposition": "legacy_component_fixture",
      "object_count": 3,
      "objects": [
        "feature_stat_hourly",
        "feature_stat_hourly_mv",
        "feature_stat_local"
      ]
    },
    {
      "path": "java/flink-jobs/flink-pcap-index-job/deployments/docker/init-scripts/clickhouse/01-create-tables.sql",
      "sha256": "6f2c41a876a22137497ab551defca6e9ef32c85751b2a1654fd1f2d9dc27858d",
      "disposition": "legacy_component_fixture",
      "object_count": 3,
      "objects": [
        "pcap_index_daily_stats",
        "pcap_index_hourly_stats",
        "pcap_index_local"
      ]
    },
    {
      "path": "java/flink-jobs/flink-rule-job/deployments/docker/clickhouse-init.sql",
      "sha256": "a2e83e65fa8f1d1798a6f2f65baec0bf65539ddfb8f3504af6b06d0e8da90b20",
      "disposition": "legacy_component_fixture",
      "object_count": 5,
      "objects": [
        "detections_behavior_local",
        "detections_by_ip_daily",
        "detections_by_rule_hourly",
        "detections_by_rule_hourly_mv",
        "v_recent_detections"
      ]
    },
    {
      "path": "java/flink-jobs/flink-session-job/deployments/docker/clickhouse/init.sql",
      "sha256": "6273f9328ab7a2dcc10c996cb65834db84e119b1d29c2b5920ce7f55b76e1c88",
      "disposition": "legacy_component_fixture",
      "object_count": 7,
      "objects": [
        "sessions_dist",
        "sessions_hourly_stats_local",
        "sessions_hourly_stats_mv",
        "sessions_local",
        "sessions_top_client_ips_mv",
        "sessions_top_ips_local",
        "sessions_top_server_ips_mv"
      ]
    }
  ],
  "closure_blockers": [
    "capture immutable live system table and column baseline from every shard and replica",
    "model the production fact tables as ordered baseline migrations without destructive rewrites",
    "replace Kubernetes Docker and component fixture DDL entrypoints with the same migration runner",
    "execute expand backfill shadow reconcile cutover and rollback with resource budgets",
    "prove shard replica materialized-view and deterministic projection reconciliation"
  ],
  "errors": []
}
python scripts/alignment/verify_clickhouse_deterministic_sharding.py
{
  "status": "PASS",
  "coverage_status": "PARTIAL_ALERT_FEEDBACK_V2_CANDIDATE",
  "production_applied": false,
  "distributed_table_count": 18,
  "rand_sharded_count": 13,
  "deterministic_count": 5,
  "first_vertical_candidate": "alert_feedback",
  "closure_blockers": [
    "apply the alert_feedback V2 expand migration through the immutable migration runner on every node",
    "capture replica health before enabling V2 dual-write",
    "backfill and reconcile alert_feedback by business key count hash and sample",
    "implement and prove shadow reads before any read cutover",
    "profile and migrate the remaining twelve rand-sharded tables under explicit resource budgets",
    "observe rollback windows before stopping V1 writes or removing V1 tables"
  ],
  "errors": []
}
python scripts/alignment/verify_clickhouse_query_paths.py
{
  "status": "PASS",
  "coverage_status": "PARTIAL_ALERT_LIST_STRUCTURED_ROWS",
  "production_applied": false,
  "initial_slice": "alert_repository.list",
  "maximum_rows_per_page": 1000,
  "closure_blockers": [
    "inventory every FINAL exact count OFFSET JSON aggregate wide-window and distributed-subquery path",
    "add stable time plus ID cursors while preserving existing offset APIs",
    "decouple or preaggregate exact counts under an approved response contract",
    "prove FINAL alternatives by latest-row business-key reconciliation before cutover",
    "capture query_log read_rows read_bytes memory duration and normalized query identity",
    "run cold and warm cache correctness and P50 P95 P99 tests at approved scale",
    "complete fault gray rollback observation and independent gates"
  ],
  "errors": []
}
python scripts/alignment/verify_clickhouse_append_only_semantics.py
{
  "status": "PASS",
  "coverage_status": "PARTIAL_GO_ALERT_EVIDENCE_WRITER_SLICE",
  "production_applied": false,
  "distributed_insert_sites": 8,
  "local_insert_sites": 0,
  "synchronous_mutation_sites": 0,
  "closure_blockers": [
    "inventory every Go Java Flink and maintenance ClickHouse writer and routing owner",
    "add event_id aggregate_version ingested_at and tombstone semantics to each replayable projection",
    "prove exact replay does not create logical duplicates by business key",
    "separate event time ingestion time and late-data behavior in schemas and queries",
    "design approved compliance erasure without synchronous request mutations",
    "capture live Distributed routing partial-failure replica and replay reconciliation",
    "complete performance failure rollout rollback observation and independent gates"
  ],
  "errors": []
}
python scripts/alignment/verify_clickhouse_retention_lifecycle.py
{
  "status": "PASS",
  "coverage_status": "PARTIAL_REPOSITORY_RETENTION_MATRIX_PCAP_ALIGNMENT_AND_SESSION_ROLLUP",
  "production_applied": false,
  "matrix_domains": 9,
  "sessions_retention_days": 90,
  "session_rollup_retention_days": 365,
  "pcap_index_retention_days": 30,
  "pcap_object_retention_days": 37,
  "pcap_object_grace_days": 7,
  "closure_blockers": [
    "approve storage and compliance impact of extending PCAP objects from 14 to 37 days",
    "apply and verify the MinIO lifecycle candidate without deleting existing objects early",
    "apply the rollup migration on every shard and replica and backfill bounded partitions",
    "reconcile detail and rollup counts sums aggregate version and late events before any read cutover",
    "inventory every ClickHouse TTL and every referenced MinIO object class against the retention matrix",
    "define explicit expired-reference behavior for every report topic and evidence manifest",
    "complete performance failure rollback observation and independent gates"
  ],
  "errors": []
}
python scripts/alignment/verify_clickhouse_ha_security_backup.py
{
  "status": "PASS",
  "coverage_status": "PARTIAL_REPOSITORY_METRICS_FAIL_CLOSED_PROFILE_DATASET_SEMANTICS_AND_RESTORE_PLAN",
  "production_applied": false,
  "required_signals": 10,
  "alert_rules": 10,
  "dataset_semantic_classes": 3,
  "backup_sets": 2,
  "formal_failure_domain_proof": false,
  "runtime_collector_present": false,
  "tls_target_applied": false,
  "restore_evidence": null,
  "closure_blockers": [
    "add at least three labeled failure domains or approve a topology that can prove Keeper quorum isolation",
    "deploy and verify a metrics collector rule evaluator and notification route for every required signal",
    "issue TLS certificates and unique credentials then migrate every producer reader Flink job and operator away from default",
    "profile per-service workloads and approve budgets before binding traffic_runtime",
    "verify every API returns an error or explicit partial metadata during shard and replica faults",
    "approve encrypted backup destination keys capacity retention RPO and RTO",
    "complete an isolated restore and row partition key-sample aggregate and application-oracle reconciliation",
    "execute approved fault drills rollback and T+0 T+1 T+3 T+7 observation",
    "keep V2 migration and restore drills in separate resource windows"
  ],
  "errors": []
}
python scripts/alignment/verify_opensearch_index_governance.py
{
  "status": "PASS",
  "remediation_id": "T-OS-002",
  "coverage_status": "PARTIAL",
  "production_applied": false,
  "mapping_fields": 41,
  "producer_fields": 40,
  "component_templates": [
    "traffic-alerts-mappings-v2",
    "traffic-alerts-settings-v2"
  ],
  "read_alias": "alerts-v2-read",
  "write_alias": "alerts-v2-write",
  "v2_traffic_default_enabled": false,
  "closure_blockers": [
    "candidate templates and bootstrap index have not been applied to production",
    "72M document reindex or shadow backfill has not run",
    "per-tenant count, sampled hash, permission and query performance reconciliation is absent",
    "dual-write, atomic read switch, delayed write switch and rollback are unproven",
    "T+0, T+1, T+3 and T+7 observation is incomplete"
  ],
  "errors": []
}
python scripts/alignment/verify_opensearch_search_pagination.py
{
  "status": "PASS",
  "feature_id": "F-SEARCH-001",
  "remediation_id": "T-OS-003",
  "coverage_status": "PARTIAL",
  "production_applied": false,
  "feature_flag_default_enabled": false,
  "maximum_page_size": 200,
  "shallow_result_window": 1000,
  "source_allowlist_fields": 26,
  "closure_blockers": [
    "candidate remains default-off and has not been built or deployed to a production canary",
    "real OpenSearch search_after and PIT page-boundary reconciliation has not run",
    "fixed-scale cold and warm query profiles and approved P50/P95/P99 budgets are absent",
    "Windows Chrome production-bundle traversal, HAR and trace evidence is absent",
    "canary rollback and T+0/T+1/T+3/T+7 PIT resource observation are incomplete"
  ],
  "errors": []
}
python scripts/alignment/verify_opensearch_projection_reconciliation.py
{
  "status": "PASS",
  "feature_id": "F-SEARCH-001",
  "remediation_id": "T-OS-004",
  "coverage_status": "PARTIAL",
  "production_applied": false,
  "feature_flag_default_enabled": false,
  "maximum_documents": 10000,
  "closure_blockers": [
    "the expand-only PostgreSQL migration is present, but the candidate worker and an approved V2 OpenSearch target have not been deployed or exercised",
    "owned G1 captures Kafka offset and last event_id, but the same candidate has not been deployed to the approved production-like G2 environment",
    "real missing extra stale manifests and successful automatic repair rates are absent",
    "fixed-scale P50 P95 P99 and resource budgets are not approved",
    "canary rollback and T+0 T+1 T+3 T+7 observation are incomplete"
  ],
  "errors": []
}
python scripts/alignment/verify_alert_projection_shadow_backfill.py
{
  "status": "PASS",
  "remediation_ids": [
    "T-OS-002",
    "T-OS-004"
  ],
  "coverage_status": "PARTIAL",
  "production_applied": false,
  "historical_gap": {
    "source_count": 1442312,
    "target_count": 559140,
    "delta": 883172,
    "evidence_reference": "doc/02_acceptance/runs/20260805-remediation-dashboard-read-task-v1/manifest.json",
    "reference_manifest_present_in_candidate": false,
    "interpretation": "historical observed delta only; not a current executable scope and not closure evidence"
  },
  "closure_blockers": [
    "the historical 883172-document gap is not bound to a present immutable source manifest",
    "a current production read-only shadow manifest has not been captured",
    "a pullable immutable alert projection tool image has not been published and bound to a current production shadow",
    "SRE, QA, security and domain accountable approvals are absent",
    "bounded repair, same-scope terminal reconciliation and PostgreSQL watermark receipts have not run in production",
    "canary, rollback exercise and T+0/T+1/T+3/T+7 observation are incomplete"
  ],
  "errors": []
}
python scripts/alignment/verify_alert_projection_repair_job.py
{
  "status": "PASS",
  "remediation_ids": [
    "T-OS-002",
    "T-OS-004"
  ],
  "coverage_status": "PARTIAL",
  "production_applied": false,
  "closure_blockers": [
    "the current local image scan uses a vulnerability database older than the 24-hour approval limit and is not approval eligible",
    "a pullable registry manifest digest for the final same-hash tool image is not yet published and bound",
    "registry signature and SLSA provenance verification are absent",
    "a current approved production read-only shadow package is absent",
    "four independent production approvals are absent",
    "the suspended repair candidate has not been independently reviewed or unsuspended",
    "production terminal receipts, rollback drill and observation windows are incomplete"
  ],
  "errors": []
}
python scripts/alignment/verify_opensearch_ha_security_restore.py
{
  "status": "PASS",
  "remediation_id": "T-OS-005",
  "coverage_status": "PARTIAL",
  "production_applied": false,
  "required_distinct_zones": 3,
  "service_identity_count": 5,
  "alert_rule_count": 12,
  "fail_safe_image_guard": true,
  "errors": []
}
python scripts/alignment/verify_trace_watermark_reconcile.py
{
  "status": "PASS",
  "remediation_id": "T-OBS-001",
  "coverage_status": "PARTIAL",
  "production_applied": false,
  "implemented_candidate_stages": [
    "http",
    "kafka_header",
    "kafka_consumer_context",
    "alert_proto",
    "flink_alert_generation",
    "alert_clickhouse",
    "alert_opensearch",
    "asset_postgresql_outbox",
    "asset_kafka_inbox",
    "asset_opensearch",
    "asset_nebulagraph",
    "asset_audit"
  ],
  "remaining_stages": [
    "generic_postgresql_outbox",
    "flink_metrics_and_non_alert_rows",
    "nebulagraph_edges",
    "generic_minio_manifests",
    "all_page_snapshots"
  ],
  "maximum_records": 10000,
  "closure_blockers": [
    "one release-candidate user action has not yet been proven through PG outbox Kafka Flink CH OS Nebula MinIO and audit under one trace_id",
    "all critical page snapshots do not yet publish real per-projection watermarks",
    "normalized live manifests for all seven required sources including audit and approved bounded repair adapters are absent",
    "fixed-scale performance fault injection Windows Chrome canary rollback and T+0 T+1 T+3 T+7 observation are incomplete"
  ],
  "errors": []
}
python scripts/alignment/verify_data_quality_control_plane.py
{
  "schema_version": 1,
  "contract_id": "traffic-platform-data-quality-control-plane-v1",
  "feature_id": "F-DATAQUALITY-001",
  "remediation_id": "T-DQ-001",
  "status": "PASS",
  "coverage_status": "PARTIAL_PERSISTENT_CONTROL_PLANE_BASELINE_REAL_SIGNALS_DEFAULT_OFF_RULE_EVALUATION_AND_REPAIR_CONTROL_LIFECYCLE",
  "production_applied": false,
  "persistent_objects": [
    "data_quality_baselines",
    "data_quality_command_requests",
    "data_quality_dataset_history",
    "data_quality_datasets",
    "data_quality_events",
    "data_quality_flow_replay_projection",
    "data_quality_outbox",
    "data_quality_repair_history",
    "data_quality_repair_requests",
    "data_quality_repairs",
    "data_quality_replay_projection_receipts",
    "data_quality_rule_evaluations",
    "data_quality_rule_history",
    "data_quality_rules",
    "data_quality_watermarks"
  ],
  "quality_dimensions": [
    "completeness",
    "duplicate",
    "lateness",
    "object_availability",
    "ordering",
    "referential_integrity",
    "tenant_ownership",
    "timeliness",
    "uniqueness",
    "validity"
  ],
  "real_handoff_signals": [
    "business_version",
    "flink_watermark",
    "kafka_offset",
    "object_manifest",
    "sink_commit"
  ],
  "implemented_slice": {
    "dataset": "flows_raw",
    "baseline_window_hours": 24,
    "schema_signature_fields": [
      "name",
      "type",
      "default_kind"
    ],
    "transaction": [
      "dataset",
      "baseline",
      "outbox",
      "audit",
      "commit"
    ],
    "handoff_signal_collection": [
      "kafka_end_and_committed_offsets",
      "flink_event_time_watermark",
      "clickhouse_sink_commit",
      "explicit_not_applicable_business_version",
      "explicit_not_applicable_object_manifest"
    ],
    "collection_persistence": "postgresql.data_quality_watermarks",
    "read_path_has_no_write_side_effect": true,
    "api": "POST /v1/data-quality/baseline",
    "governance": {
      "datasets": "tenant-scoped list and optimistic upsert/pause/retire",
      "rules": "tenant-scoped list, deterministic draft creation and bounded transitions",
      "rule_transition_path": [
        "draft",
        "shadow",
        "approval_pending",
        "active"
      ],
      "independent_approval": true,
      "atomic_writes": [
        "business_state",
        "immutable_history",
        "outbox",
        "audit",
        "idempotency_receipt"
      ],
      "ephemeral_postgresql_tests": [
        "repository lifecycle",
        "HTTP authorization and lifecycle"
      ]
    },
    "rule_evaluation": {
      "runtime_default": "disabled",
      "eligible_rule_state": "active",
      "dataset": "flows_raw",
      "predicate_allowlist": [
        "not_empty",
        "nonzero"
      ],
      "empty_window_status": "unknown",
      "bounded_by": [
        "tenant_id",
        "window_start",
        "window_end"
      ],
      "atomic_writes": [
        "rule_evaluation",
        "quality_event_on_failure",
        "outbox",
        "audit"
      ],
      "deterministic_replay": true
    },
    "repair_lifecycle": {
      "operation_allowlist": [
        "flow_replay_window_v1"
      ],
      "runtime_default": "disabled",
      "bounded_by": [
        "tenant_id",
        "flows_raw",
        "one_hour_window",
        "max_rows_100000",
        "max_duration_seconds_300",
        "registered_server_evidence_provider",
        "registered_ready_executor"
      ],
      "transition_path": [
        "planned",
        "dry_run_passed",
        "approval_pending",
        "approved",
        "executing",
        "executed",
        "reconciled"
      ],
      "independent_approval_and_reconciliation": true,
      "client_summary_trusted_for_dry_run_or_reconcile": false,
      "dry_run_evidence": "server reads persisted PostgreSQL scope and budget then executes a tenant and ingest-time bounded ClickHouse flows_raw aggregate",
      "execution_worker": "PostgreSQL executing rows are a durable queue; a session advisory lock prevents concurrent replicas and server-derived outcomes commit through repair history outbox audit and idempotency receipt",
      "execution_runtime": "default-off bounded ClickHouse source driver publishes stable Protobuf envelopes only to flow.projection-replay.v1; the consumer atomically commits an immutable PostgreSQL target object and receipt before Kafka acknowledgement",
      "projection_target": "postgresql.data_quality_flow_replay_projection flow-replay-pg-v1",
      "projection_receipt": "postgresql.data_quality_replay_projection_receipts",
      "reconcile_runtime": "server independently compares the bounded ClickHouse source event set, PostgreSQL projection target set, receipt set and payload hashes",
      "atomic_writes": [
        "repair_state",
        "quality_event_state",
        "immutable_history",
        "outbox",
        "audit",
        "idempotency_receipt"
      ],
      "http_start_execution_status": 202,
      "ephemeral_postgresql_tests": [
        "repository lifecycle",
        "HTTP authorization and lifecycle"
      ]
    }
  },
  "legacy_entrypoints_with_control_plane": {
    "common/sql/pg/04-tasks-audit.sql": true,
    "go/control-plane/deployments/docker/init/postgres_merged.sql": true
  },
  "closure_blockers": [
    "real hand-off signals are implemented only for the flows_raw dataset contract; remaining datasets are not yet catalogued",
    "default-off quality event detection is implemented but not deployed or proven against live ClickHouse facts",
    "repair repository HTTP control lifecycle bounded ClickHouse dry-run provider durable execution worker dedicated replay topic atomic PostgreSQL target and receipt consumer and authoritative three-way reconciliation are implemented but default-off and not deployed or live-validated; this bounded target does not prove Session or later domain projections have been repaired",
    "large samples and reports are not yet stored and reconciled through MinIO manifests",
    "quality SLO error budgets performance failure Windows Chrome rollout rollback and observation evidence are incomplete"
  ],
  "errors": []
}
python scripts/alignment/verify_configuration_catalog.py
{
  "status": "PASS",
  "control_id": "T-CONFIG-001",
  "catalog_sha256": "5a7dd58c11bc96f208d199b6653dc6825297a2430fbcd3942c76a2cb184a62ff",
  "counts": {
    "entries": 1935,
    "go_env_consumers": 926,
    "flink_properties": 261,
    "kubernetes_env_bindings": 748,
    "secret_entries": 186,
    "source_files": 76
  },
  "shared_authority_domains": [
    "apisix_routes",
    "clickhouse_schema",
    "flink_job_topology",
    "iam_scopes",
    "kafka_acl",
    "kafka_topics",
    "minio_lifecycle"
  ],
  "errors": []
}
python scripts/alignment/backfill_openapi_scopes.py --check
{
  "status": "PASS",
  "governed_operations": 41
}
python scripts/alignment/verify_gateway_route_catalog.py
{
  "status": "PASS",
  "control_id": "T-GW-001",
  "catalog_integrity": "PASS",
  "security_compliance": "PARTIAL",
  "catalog_sha256": "a012c4e3388c0579da2d0bc0f08cf3738efb536ab022d90c7123989cb084b073",
  "counts": {
    "routes": 58,
    "route_ids": 58,
    "protected_routes": 52,
    "protected_routes_with_gateway_auth": 0,
    "routes_with_blocking_gaps": 58,
    "declared_services": 62,
    "gap_counts": {
      "gateway_authentication_missing": 52,
      "gateway_body_limit_missing": 52,
      "gateway_rate_limit_missing": 57,
      "gateway_request_validation_missing": 52,
      "management_entry_not_gateway_protected": 18,
      "upstream_retry_implicit": 51,
      "upstream_timeout_implicit": 51
    }
  },
  "openapi_coverage": {
    "operations": 99,
    "uncovered_operation_ids": [],
    "overlapping_operation_routes": {
      "acknowledgeProbeOperation": [
        "24",
        "44"
      ],
      "getProbeOperation": [
        "24",
        "44"
      ],
      "pushProbeConfig": [
        "24",
        "44"
      ]
    },
    "operations_missing_required_scope": []
  },
  "errors": []
}
python scripts/alignment/build_service_identity_catalog.py --check
{
  "status": "PASS",
  "catalog_sha256": "e54e976a30387e7d34568837f0e769b043b8c0d6778ed0db191a02d17ae4c7ce",
  "counts": {
    "workloads": 11,
    "dedicated_service_accounts": 11,
    "workloads_with_token_automount_disabled": 10,
    "approved_token_automount_exceptions": 1,
    "hardened_or_approved_exception_containers": 9,
    "containers": 11,
    "secret_references": 66,
    "literal_secret_findings": 0,
    "unregistered_secret_references": 2,
    "kafka_principals": 20,
    "shared_sensitive_credentials": 5,
    "tenant_untrusted_fallback_sites": 25,
    "workloads_with_blocking_gaps": 11,
    "gap_counts": {
      "container_security_context_incomplete": 2,
      "runtime_image_not_digest_pinned": 5,
      "secret_provisioner_unregistered": 2,
      "service_to_service_mtls_identity_missing": 7,
      "shared_sensitive_credential": 8
    }
  }
}
python scripts/alignment/verify_service_identity_catalog.py
{
  "status": "PASS",
  "control_id": "T-SEC-001",
  "catalog_integrity": "PASS",
  "security_compliance": "PARTIAL",
  "catalog_sha256": "e54e976a30387e7d34568837f0e769b043b8c0d6778ed0db191a02d17ae4c7ce",
  "counts": {
    "workloads": 11,
    "dedicated_service_accounts": 11,
    "workloads_with_token_automount_disabled": 10,
    "approved_token_automount_exceptions": 1,
    "hardened_or_approved_exception_containers": 9,
    "containers": 11,
    "secret_references": 66,
    "literal_secret_findings": 0,
    "unregistered_secret_references": 2,
    "kafka_principals": 20,
    "shared_sensitive_credentials": 5,
    "tenant_untrusted_fallback_sites": 25,
    "workloads_with_blocking_gaps": 11,
    "gap_counts": {
      "container_security_context_incomplete": 2,
      "runtime_image_not_digest_pinned": 5,
      "secret_provisioner_unregistered": 2,
      "service_to_service_mtls_identity_missing": 7,
      "shared_sensitive_credential": 8
    }
  },
  "errors": []
}
python scripts/alignment/build_pki_catalog.py --check
{
  "status": "PASS",
  "catalog_sha256": "5e78d9dfb0ccec33a4561c0e7dafa6d5e3a8a108e7197d8439aff840017c3672",
  "counts": {
    "certificate_domains": 5,
    "domains_partial_or_default_off": 5,
    "transport_guards": 18,
    "transport_guards_passing": 18,
    "plaintext_dependencies": 4,
    "production_plaintext_gaps": 3,
    "blocking_gaps": 19
  }
}
python scripts/alignment/verify_pki_catalog.py
{
  "status": "PASS",
  "control_id": "T-PKI-001",
  "catalog_integrity": "PASS",
  "pki_compliance": "PARTIAL",
  "catalog_sha256": "5e78d9dfb0ccec33a4561c0e7dafa6d5e3a8a108e7197d8439aff840017c3672",
  "counts": {
    "certificate_domains": 5,
    "domains_partial_or_default_off": 5,
    "transport_guards": 18,
    "transport_guards_passing": 18,
    "plaintext_dependencies": 4,
    "production_plaintext_gaps": 3,
    "blocking_gaps": 19
  },
  "errors": []
}
python scripts/alignment/build_dr_recovery_catalog.py --check
{
  "status": "PASS",
  "catalog_sha256": "5fc51ac017767b80fb95ad3be685e071a781279bb4bfa1d4bc2296fa5d67d65e",
  "counts": {
    "domains": 8,
    "domains_pass": 0,
    "domains_without_restore_evidence": 8,
    "domains_without_approved_rpo_rto": 8,
    "blocking_gaps": 28
  }
}
python scripts/alignment/verify_dr_recovery_catalog.py
{
  "status": "PASS",
  "control_id": "T-DR-001",
  "catalog_integrity": "PASS",
  "dr_readiness": "PARTIAL",
  "catalog_sha256": "5fc51ac017767b80fb95ad3be685e071a781279bb4bfa1d4bc2296fa5d67d65e",
  "counts": {
    "domains": 8,
    "domains_pass": 0,
    "domains_without_restore_evidence": 8,
    "domains_without_approved_rpo_rto": 8,
    "blocking_gaps": 28
  },
  "errors": []
}
python scripts/alignment/inventory_pg_mutations.py --check
{
  "status": "PASS",
  "contract_id": "postgres.mutable-command-inventory.v1",
  "remediation_id": "T-PG-002",
  "coverage_status": "REPOSITORY_STATIC_INVENTORY",
  "summary": {
    "source_files": 104,
    "mutation_statements": 678,
    "backend_counts": {
      "clickhouse": 16,
      "postgresql": 662
    },
    "postgres_role_counts": {
      "audit": 84,
      "business": 310,
      "control_idempotency": 29,
      "history": 72,
      "inbox_projection": 45,
      "outbox": 122
    },
    "review_queue": 29,
    "review_priority_counts": {
      "P1_REVIEW": 19,
      "P2_REVIEW": 10
    },
    "unclassified": 0
  },
  "errors": []
}
bash tests/alignment/test_kafka_service_identity_sync.sh
kafka_workload_identity_sync=pass workloads=18 idempotent=true
python -m unittest discover -s tests/alignment -v
test_bootstrap_is_canonical_and_standalone (test_alert_projection_clickhouse_postgres_opensearch_ephemeral_guard.AlertProjectionClickHousePostgresOpenSearchEphemeralGuardTest.test_bootstrap_is_canonical_and_standalone) ... ok
test_empty_run_id_is_rejected (test_alert_projection_clickhouse_postgres_opensearch_ephemeral_guard.AlertProjectionClickHousePostgresOpenSearchEphemeralGuardTest.test_empty_run_id_is_rejected) ... ok
test_images_are_digest_pinned_and_authorities_are_exact (test_alert_projection_clickhouse_postgres_opensearch_ephemeral_guard.AlertProjectionClickHousePostgresOpenSearchEphemeralGuardTest.test_images_are_digest_pinned_and_authorities_are_exact) ... ok
test_names_are_deterministic_scoped_and_complete (test_alert_projection_clickhouse_postgres_opensearch_ephemeral_guard.AlertProjectionClickHousePostgresOpenSearchEphemeralGuardTest.test_names_are_deterministic_scoped_and_complete) ... ok
test_runner_invokes_exact_three_store_production_path (test_alert_projection_clickhouse_postgres_opensearch_ephemeral_guard.AlertProjectionClickHousePostgresOpenSearchEphemeralGuardTest.test_runner_invokes_exact_three_store_production_path) ... ok
test_all_images_are_digest_pinned (test_alert_projection_kafka_five_store_ephemeral_guard.AlertProjectionKafkaFiveStoreEphemeralGuardTest.test_all_images_are_digest_pinned) ... ok
test_bootstrap_is_canonical_and_standalone (test_alert_projection_kafka_five_store_ephemeral_guard.AlertProjectionKafkaFiveStoreEphemeralGuardTest.test_bootstrap_is_canonical_and_standalone) ... ok
test_empty_run_id_is_rejected (test_alert_projection_kafka_five_store_ephemeral_guard.AlertProjectionKafkaFiveStoreEphemeralGuardTest.test_empty_run_id_is_rejected) ... ok
test_names_are_deterministic_scoped_and_complete (test_alert_projection_kafka_five_store_ephemeral_guard.AlertProjectionKafkaFiveStoreEphemeralGuardTest.test_names_are_deterministic_scoped_and_complete) ... ok
test_runner_invokes_production_consumer_and_failure_barrier (test_alert_projection_kafka_five_store_ephemeral_guard.AlertProjectionKafkaFiveStoreEphemeralGuardTest.test_runner_invokes_production_consumer_and_failure_barrier) ... ok
test_source_time_and_out_of_order_guards_are_production_bound (test_alert_projection_kafka_five_store_ephemeral_guard.AlertProjectionKafkaFiveStoreEphemeralGuardTest.test_source_time_and_out_of_order_guards_are_production_bound) ... ok
test_empty_run_id_is_rejected (test_alert_projection_postgres_opensearch_ephemeral_guard.AlertProjectionPostgresOpenSearchEphemeralGuardTest.test_empty_run_id_is_rejected) ... ok
test_images_are_digest_pinned_and_migration_is_exact (test_alert_projection_postgres_opensearch_ephemeral_guard.AlertProjectionPostgresOpenSearchEphemeralGuardTest.test_images_are_digest_pinned_and_migration_is_exact) ... ok
test_names_are_deterministic_and_scoped (test_alert_projection_postgres_opensearch_ephemeral_guard.AlertProjectionPostgresOpenSearchEphemeralGuardTest.test_names_are_deterministic_and_scoped) ... ok
test_runner_invokes_exact_combined_production_path (test_alert_projection_postgres_opensearch_ephemeral_guard.AlertProjectionPostgresOpenSearchEphemeralGuardTest.test_runner_invokes_exact_combined_production_path) ... ok
test_dockerfile_and_template_are_immutable_and_non_executing (test_alert_projection_repair_job.AlertProjectionRepairJobTests.test_dockerfile_and_template_are_immutable_and_non_executing) ... ok
test_rejects_pending_self_approved_duplicate_or_expired_approval (test_alert_projection_repair_job.AlertProjectionRepairJobTests.test_rejects_pending_self_approved_duplicate_or_expired_approval) ... ok
test_rejects_source_image_review_and_scope_drift (test_alert_projection_repair_job.AlertProjectionRepairJobTests.test_rejects_source_image_review_and_scope_drift) ... ok
test_valid_approval_renders_only_a_suspended_hardened_job (test_alert_projection_repair_job.AlertProjectionRepairJobTests.test_valid_approval_renders_only_a_suspended_hardened_job) ... ok
test_allows_evidence_only_head_advance_when_source_content_is_unchanged (test_alert_projection_shadow_backfill.AlertProjectionShadowBackfillTests.test_allows_evidence_only_head_advance_when_source_content_is_unchanged) ... ok
test_digest_bound_image_still_does_not_authorize_execution (test_alert_projection_shadow_backfill.AlertProjectionShadowBackfillTests.test_digest_bound_image_still_does_not_authorize_execution) ... ok
test_historical_gap_is_explicitly_non_executable (test_alert_projection_shadow_backfill.AlertProjectionShadowBackfillTests.test_historical_gap_is_explicitly_non_executable) ... ok
test_rejects_alias_ambiguity_and_count_identity_mismatch (test_alert_projection_shadow_backfill.AlertProjectionShadowBackfillTests.test_rejects_alias_ambiguity_and_count_identity_mismatch) ... ok
test_rejects_candidate_drift_or_dirty_g0 (test_alert_projection_shadow_backfill.AlertProjectionShadowBackfillTests.test_rejects_candidate_drift_or_dirty_g0) ... ok
test_rejects_expired_tampered_or_mutating_shadow (test_alert_projection_shadow_backfill.AlertProjectionShadowBackfillTests.test_rejects_expired_tampered_or_mutating_shadow) ... ok
test_shadow_cli_has_no_reconcile_store_or_mutating_calls (test_alert_projection_shadow_backfill.AlertProjectionShadowBackfillTests.test_shadow_cli_has_no_reconcile_store_or_mutating_calls) ... ok
test_valid_shadow_renders_review_only_package (test_alert_projection_shadow_backfill.AlertProjectionShadowBackfillTests.test_valid_shadow_renders_review_only_package) ... ok
test_empty_run_id_is_rejected (test_alert_projection_shadow_ephemeral_guard.AlertProjectionShadowEphemeralGuardTest.test_empty_run_id_is_rejected) ... ok
test_images_are_digest_pinned_and_no_postgres_is_started (test_alert_projection_shadow_ephemeral_guard.AlertProjectionShadowEphemeralGuardTest.test_images_are_digest_pinned_and_no_postgres_is_started) ... ok
test_names_are_deterministic_and_scoped (test_alert_projection_shadow_ephemeral_guard.AlertProjectionShadowEphemeralGuardTest.test_names_are_deterministic_and_scoped) ... ok
test_runner_invokes_production_readers_and_checks_unchanged_hashes (test_alert_projection_shadow_ephemeral_guard.AlertProjectionShadowEphemeralGuardTest.test_runner_invokes_production_readers_and_checks_unchanged_hashes) ... ok
test_clean_scan_records_nonreachable_module_finding (test_alert_projection_tool_supply_chain.AlertProjectionToolSupplyChainTests.test_clean_scan_records_nonreachable_module_finding) ... ok
test_cyclonedx_is_sorted_and_deterministic (test_alert_projection_tool_supply_chain.AlertProjectionToolSupplyChainTests.test_cyclonedx_is_sorted_and_deterministic) ... ok
test_local_image_and_source_label_drift_remain_on_hold (test_alert_projection_tool_supply_chain.AlertProjectionToolSupplyChainTests.test_local_image_and_source_label_drift_remain_on_hold) ... ok
test_missing_scanner_metadata_fails_closed (test_alert_projection_tool_supply_chain.AlertProjectionToolSupplyChainTests.test_missing_scanner_metadata_fails_closed) ... ok
test_sarif_error_blocks_even_when_sarif_exit_code_is_zero (test_alert_projection_tool_supply_chain.AlertProjectionToolSupplyChainTests.test_sarif_error_blocks_even_when_sarif_exit_code_is_zero) ... ok
test_stale_database_fails_closed (test_alert_projection_tool_supply_chain.AlertProjectionToolSupplyChainTests.test_stale_database_fails_closed) ... ok
test_text_exit_three_blocks_when_sarif_omits_error (test_alert_projection_tool_supply_chain.AlertProjectionToolSupplyChainTests.test_text_exit_three_blocks_when_sarif_omits_error) ... ok
test_transport_failure_is_retried_but_vulnerability_result_is_terminal (test_alert_projection_tool_supply_chain.AlertProjectionToolSupplyChainTests.test_transport_failure_is_retried_but_vulnerability_result_is_terminal) ... ok
test_empty_run_id_is_rejected (test_alert_projection_watermark_postgres_ephemeral_guard.AlertProjectionWatermarkPostgresEphemeralGuardTest.test_empty_run_id_is_rejected) ... ok
test_identity_is_deterministic_and_scoped (test_alert_projection_watermark_postgres_ephemeral_guard.AlertProjectionWatermarkPostgresEphemeralGuardTest.test_identity_is_deterministic_and_scoped) ... ok
test_image_is_digest_pinned_and_migration_is_exact (test_alert_projection_watermark_postgres_ephemeral_guard.AlertProjectionWatermarkPostgresEphemeralGuardTest.test_image_is_digest_pinned_and_migration_is_exact) ... ok
test_alert_feedback_event_projection_has_stable_envelope_and_mlops_inbox (test_alignment_registry.AlignmentRegistryTest.test_alert_feedback_event_projection_has_stable_envelope_and_mlops_inbox) ... ok
test_alert_response_requests_require_provider_authority_for_real_effects (test_alignment_registry.AlignmentRegistryTest.test_alert_response_requests_require_provider_authority_for_real_effects) ... ok
test_asset_cursor_is_signed_stable_and_rollout_guarded (test_alignment_registry.AlignmentRegistryTest.test_asset_cursor_is_signed_stable_and_rollout_guarded) ... ok
test_asset_discovery_jobs_are_durable_and_candidate_isolated (test_alignment_registry.AlignmentRegistryTest.test_asset_discovery_jobs_are_durable_and_candidate_isolated) ... ok
test_asset_event_projection_has_durable_two_target_contract (test_alignment_registry.AlignmentRegistryTest.test_asset_event_projection_has_durable_two_target_contract) ... ok
test_campaign_aggregate_v2_is_versioned_idempotent_and_fail_closed (test_alignment_registry.AlignmentRegistryTest.test_campaign_aggregate_v2_is_versioned_idempotent_and_fail_closed) ... ok
test_campaign_event_v2_uses_dual_acknowledged_streams_and_durable_inbox (test_alignment_registry.AlignmentRegistryTest.test_campaign_event_v2_uses_dual_acknowledged_streams_and_durable_inbox) ... ok
test_campaign_membership_v2_is_bidirectional_and_aggregate_bound (test_alignment_registry.AlignmentRegistryTest.test_campaign_membership_v2_is_bidirectional_and_aggregate_bound) ... ok
test_campaign_three_target_projection_is_versioned_replayable_and_fail_closed (test_alignment_registry.AlignmentRegistryTest.test_campaign_three_target_projection_is_versioned_replayable_and_fail_closed) ... ok
test_candidate_source_snapshot_is_content_addressed_and_deterministic (test_alignment_registry.AlignmentRegistryTest.test_candidate_source_snapshot_is_content_addressed_and_deterministic) ... ok
test_canonical_registry_and_work_packages_are_complete (test_alignment_registry.AlignmentRegistryTest.test_canonical_registry_and_work_packages_are_complete) ... ok
test_compatibility_diff_reports_removals (test_alignment_registry.AlignmentRegistryTest.test_compatibility_diff_reports_removals) ... ok
test_dashboard_snapshot_is_one_tenant_bound_partial_aware_query (test_alignment_registry.AlignmentRegistryTest.test_dashboard_snapshot_is_one_tenant_bound_partial_aware_query) ... ok
test_dashboard_tasks_are_real_atomic_tenant_scoped_commands (test_alignment_registry.AlignmentRegistryTest.test_dashboard_tasks_are_real_atomic_tenant_scoped_commands) ... ok
test_deployment_event_projection_is_replayable_and_fail_closed (test_alignment_registry.AlignmentRegistryTest.test_deployment_event_projection_is_replayable_and_fail_closed) ... ok
test_kafka_topic_schema_and_implementation_catalog_is_complete (test_alignment_registry.AlignmentRegistryTest.test_kafka_topic_schema_and_implementation_catalog_is_complete) ... ok
test_live_kafka_reconcile_rejects_partition_drift (test_alignment_registry.AlignmentRegistryTest.test_live_kafka_reconcile_rejects_partition_drift) ... ok
test_model_actions_use_outbox_and_non_terminal_execution_inbox (test_alignment_registry.AlignmentRegistryTest.test_model_actions_use_outbox_and_non_terminal_execution_inbox) ... ok
test_playbook_execution_v2_is_real_approval_receipt_and_rollback_bound (test_alignment_registry.AlignmentRegistryTest.test_playbook_execution_v2_is_real_approval_receipt_and_rollback_bound) ... ok
test_probe_control_topics_consumers_and_deploy_env_stay_aligned (test_alignment_registry.AlignmentRegistryTest.test_probe_control_topics_consumers_and_deploy_env_stay_aligned) ... ok
test_probe_g2_canary_is_isolated_and_renderable (test_alignment_registry.AlignmentRegistryTest.test_probe_g2_canary_is_isolated_and_renderable) ... ok
test_probe_image_and_auth_configuration_fail_closed (test_alignment_registry.AlignmentRegistryTest.test_probe_image_and_auth_configuration_fail_closed) ... ok
test_remediation_ledger_tracks_every_id_and_owner (test_alignment_registry.AlignmentRegistryTest.test_remediation_ledger_tracks_every_id_and_owner) ... ok
test_route_and_action_inventory_is_deterministic (test_alignment_registry.AlignmentRegistryTest.test_route_and_action_inventory_is_deterministic) ... ok
test_runtime_schema_gate_ignores_clickhouse_delete_mutations (test_alignment_registry.AlignmentRegistryTest.test_runtime_schema_gate_ignores_clickhouse_delete_mutations) ... ok
test_threat_intel_event_projection_is_authoritative_and_replayable (test_alignment_registry.AlignmentRegistryTest.test_threat_intel_event_projection_is_authoritative_and_replayable) ... ok
test_topic_action_event_projection_contract_is_wired_end_to_end (test_alignment_registry.AlignmentRegistryTest.test_topic_action_event_projection_contract_is_wired_end_to_end) ... ok
test_w1_contract_and_scope_gaps_are_closed (test_alignment_registry.AlignmentRegistryTest.test_w1_contract_and_scope_gaps_are_closed) ... ok
test_bootstrap_derives_only_relevant_canonical_tables (test_asset_detail_clickhouse_ephemeral_guard.AssetDetailClickHouseEphemeralGuardTest.test_bootstrap_derives_only_relevant_canonical_tables) ... ok
test_g0_binding_accepts_only_current_pass_candidate (test_asset_detail_clickhouse_ephemeral_guard.AssetDetailClickHouseEphemeralGuardTest.test_g0_binding_accepts_only_current_pass_candidate) ... ok
test_image_is_repo_locked_digest (test_asset_detail_clickhouse_ephemeral_guard.AssetDetailClickHouseEphemeralGuardTest.test_image_is_repo_locked_digest) ... ok
test_names_are_deterministic_and_scoped (test_asset_detail_clickhouse_ephemeral_guard.AssetDetailClickHouseEphemeralGuardTest.test_names_are_deterministic_and_scoped) ... ok
test_runner_executes_production_alert_writer_regression (test_asset_detail_clickhouse_ephemeral_guard.AssetDetailClickHouseEphemeralGuardTest.test_runner_executes_production_alert_writer_regression) ... ok
test_sentinel_and_empty_run_id_guard (test_asset_detail_clickhouse_ephemeral_guard.AssetDetailClickHouseEphemeralGuardTest.test_sentinel_and_empty_run_id_guard) ... ok
test_bootstrap_is_sentinel_and_documentation_only (test_asset_expand_ephemeral_guard.AssetExpandEphemeralGuardTest.test_bootstrap_is_sentinel_and_documentation_only) ... ok
test_container_identity_is_deterministic_and_scoped (test_asset_expand_ephemeral_guard.AssetExpandEphemeralGuardTest.test_container_identity_is_deterministic_and_scoped) ... ok
test_empty_run_id_is_rejected (test_asset_expand_ephemeral_guard.AssetExpandEphemeralGuardTest.test_empty_run_id_is_rejected) ... ok
test_projection_cannot_be_enabled_in_canonical_baseline (test_asset_expand_guardrails.AssetExpandGuardrailsTest.test_projection_cannot_be_enabled_in_canonical_baseline) ... ok
test_repository_controls_pass (test_asset_expand_guardrails.AssetExpandGuardrailsTest.test_repository_controls_pass) ... ok
test_rejects_incomplete_pre_state (test_asset_expand_renderer.AssetExpandRendererTest.test_rejects_incomplete_pre_state) ... ok
test_rejects_self_approval (test_asset_expand_renderer.AssetExpandRendererTest.test_rejects_self_approval) ... ok
test_render_is_suspended_immutable_and_hash_bound (test_asset_expand_renderer.AssetExpandRendererTest.test_render_is_suspended_immutable_and_hash_bound) ... ok
test_container_names_are_deterministic_and_scoped (test_asset_export_minio_ephemeral_guard.AssetExportMinIOEphemeralGuardTest.test_container_names_are_deterministic_and_scoped) ... ok
test_empty_run_id_is_rejected (test_asset_export_minio_ephemeral_guard.AssetExportMinIOEphemeralGuardTest.test_empty_run_id_is_rejected) ... ok
test_images_are_digest_pinned (test_asset_export_minio_ephemeral_guard.AssetExportMinIOEphemeralGuardTest.test_images_are_digest_pinned) ... ok
test_sentinel_and_bucket_are_ephemeral_scoped (test_asset_export_minio_ephemeral_guard.AssetExportMinIOEphemeralGuardTest.test_sentinel_and_bucket_are_ephemeral_scoped) ... ok
test_container_names_are_deterministic_and_scoped (test_asset_projection_kafka_ephemeral_guard.AssetProjectionKafkaEphemeralGuardTest.test_container_names_are_deterministic_and_scoped) ... ok
test_empty_run_id_is_rejected (test_asset_projection_kafka_ephemeral_guard.AssetProjectionKafkaEphemeralGuardTest.test_empty_run_id_is_rejected) ... ok
test_images_are_digest_pinned_and_topic_is_canonical (test_asset_projection_kafka_ephemeral_guard.AssetProjectionKafkaEphemeralGuardTest.test_images_are_digest_pinned_and_topic_is_canonical) ... ok
test_sentinel_is_ephemeral_only (test_asset_projection_kafka_ephemeral_guard.AssetProjectionKafkaEphemeralGuardTest.test_sentinel_is_ephemeral_only) ... ok
test_all_images_are_digest_pinned (test_asset_projection_nebula_ephemeral_guard.AssetProjectionNebulaEphemeralGuardTest.test_all_images_are_digest_pinned) ... ok
test_empty_run_id_is_rejected (test_asset_projection_nebula_ephemeral_guard.AssetProjectionNebulaEphemeralGuardTest.test_empty_run_id_is_rejected) ... ok
test_names_are_deterministic_and_scoped (test_asset_projection_nebula_ephemeral_guard.AssetProjectionNebulaEphemeralGuardTest.test_names_are_deterministic_and_scoped) ... ok
test_sentinel_is_ephemeral_only (test_asset_projection_nebula_ephemeral_guard.AssetProjectionNebulaEphemeralGuardTest.test_sentinel_is_ephemeral_only) ... ok
test_asset_template_preserves_strict_mapping (test_asset_projection_opensearch_ephemeral_guard.AssetProjectionOpenSearchEphemeralGuardTest.test_asset_template_preserves_strict_mapping) ... ok
test_authority_uses_pinned_image_and_ephemeral_sentinel (test_asset_projection_opensearch_ephemeral_guard.AssetProjectionOpenSearchEphemeralGuardTest.test_authority_uses_pinned_image_and_ephemeral_sentinel) ... ok
test_container_identity_is_deterministic_and_scoped (test_asset_projection_opensearch_ephemeral_guard.AssetProjectionOpenSearchEphemeralGuardTest.test_container_identity_is_deterministic_and_scoped) ... ok
test_empty_run_id_is_rejected (test_asset_projection_opensearch_ephemeral_guard.AssetProjectionOpenSearchEphemeralGuardTest.test_empty_run_id_is_rejected) ... ok
test_runner_executes_production_alert_writer_against_strict_mapping (test_asset_projection_opensearch_ephemeral_guard.AssetProjectionOpenSearchEphemeralGuardTest.test_runner_executes_production_alert_writer_against_strict_mapping) ... ok
test_runner_requires_post_repair_terminal_receipt (test_asset_projection_opensearch_ephemeral_guard.AssetProjectionOpenSearchEphemeralGuardTest.test_runner_requires_post_repair_terminal_receipt) ... ok
test_all_images_are_digest_pinned (test_asset_seven_source_ephemeral_guard.AssetSevenSourceEphemeralGuardTest.test_all_images_are_digest_pinned) ... ok
test_empty_run_id_is_rejected (test_asset_seven_source_ephemeral_guard.AssetSevenSourceEphemeralGuardTest.test_empty_run_id_is_rejected) ... ok
test_names_are_deterministic_scoped_and_complete (test_asset_seven_source_ephemeral_guard.AssetSevenSourceEphemeralGuardTest.test_names_are_deterministic_scoped_and_complete) ... ok
test_runner_invokes_production_path_and_plan_only_oracle (test_asset_seven_source_ephemeral_guard.AssetSevenSourceEphemeralGuardTest.test_runner_invokes_production_path_and_plan_only_oracle) ... ok
test_source_scope_and_sentinel_are_fixed (test_asset_seven_source_ephemeral_guard.AssetSevenSourceEphemeralGuardTest.test_source_scope_and_sentinel_are_fixed) ... ok
test_false_closure_is_rejected (test_clickhouse_append_only_semantics.ClickHouseAppendOnlySemanticsTest.test_false_closure_is_rejected) ... ok
test_go_alert_writer_slice_passes_without_live_claim (test_clickhouse_append_only_semantics.ClickHouseAppendOnlySemanticsTest.test_go_alert_writer_slice_passes_without_live_claim) ... ok
test_local_insert_regression_is_rejected (test_clickhouse_append_only_semantics.ClickHouseAppendOnlySemanticsTest.test_local_insert_regression_is_rejected) ... ok
test_synchronous_delete_regression_is_rejected (test_clickhouse_append_only_semantics.ClickHouseAppendOnlySemanticsTest.test_synchronous_delete_regression_is_rejected) ... ok
test_closed_or_production_claim_is_rejected (test_clickhouse_deterministic_sharding.ClickHouseDeterministicShardingTest.test_closed_or_production_claim_is_rejected) ... ok
test_inventory_and_guarded_candidate_pass_without_live_claim (test_clickhouse_deterministic_sharding.ClickHouseDeterministicShardingTest.test_inventory_and_guarded_candidate_pass_without_live_claim) ... ok
test_rand_inventory_omission_is_rejected (test_clickhouse_deterministic_sharding.ClickHouseDeterministicShardingTest.test_rand_inventory_omission_is_rejected) ... ok
test_v2_flag_default_true_is_rejected (test_clickhouse_deterministic_sharding.ClickHouseDeterministicShardingTest.test_v2_flag_default_true_is_rejected) ... ok
test_false_closure_and_production_apply_are_rejected (test_clickhouse_ha_security_backup.ClickHouseHaSecurityBackupTest.test_false_closure_and_production_apply_are_rejected) ... ok
test_invented_restore_evidence_is_rejected (test_clickhouse_ha_security_backup.ClickHouseHaSecurityBackupTest.test_invented_restore_evidence_is_rejected) ... ok
test_missing_readonly_alert_is_rejected (test_clickhouse_ha_security_backup.ClickHouseHaSecurityBackupTest.test_missing_readonly_alert_is_rejected) ... ok
test_repository_slice_passes_without_runtime_or_restore_claim (test_clickhouse_ha_security_backup.ClickHouseHaSecurityBackupTest.test_repository_slice_passes_without_runtime_or_restore_claim) ... ok
test_silent_partial_query_setting_is_rejected (test_clickhouse_ha_security_backup.ClickHouseHaSecurityBackupTest.test_silent_partial_query_setting_is_rejected) ... ok
test_two_nodes_cannot_claim_three_failure_domains (test_clickhouse_ha_security_backup.ClickHouseHaSecurityBackupTest.test_two_nodes_cannot_claim_three_failure_domains) ... ok
test_false_closure_and_production_claim_are_rejected (test_clickhouse_query_paths.ClickHouseQueryPathsTest.test_false_closure_and_production_claim_are_rejected) ... ok
test_final_guard_cannot_be_disabled (test_clickhouse_query_paths.ClickHouseQueryPathsTest.test_final_guard_cannot_be_disabled) ... ok
test_json_page_aggregation_regression_is_rejected (test_clickhouse_query_paths.ClickHouseQueryPathsTest.test_json_page_aggregation_regression_is_rejected) ... ok
test_structured_row_slice_passes_without_performance_claim (test_clickhouse_query_paths.ClickHouseQueryPathsTest.test_structured_row_slice_passes_without_performance_claim) ... ok
test_docker_sessions_ttl_drift_is_rejected (test_clickhouse_retention_lifecycle.ClickHouseRetentionLifecycleTest.test_docker_sessions_ttl_drift_is_rejected) ... ok
test_false_closure_is_rejected (test_clickhouse_retention_lifecycle.ClickHouseRetentionLifecycleTest.test_false_closure_is_rejected) ... ok
test_object_retention_shorter_than_reference_is_rejected (test_clickhouse_retention_lifecycle.ClickHouseRetentionLifecycleTest.test_object_retention_shorter_than_reference_is_rejected) ... ok
test_repository_retention_slice_passes_without_live_apply_claim (test_clickhouse_retention_lifecycle.ClickHouseRetentionLifecycleTest.test_repository_retention_slice_passes_without_live_apply_claim) ... ok
test_rollup_without_aggregate_version_is_rejected (test_clickhouse_retention_lifecycle.ClickHouseRetentionLifecycleTest.test_rollup_without_aggregate_version_is_rejected) ... ok
test_authority_and_legacy_inventory_pass_without_live_claim (test_clickhouse_schema_authority.ClickHouseSchemaAuthorityTest.test_authority_and_legacy_inventory_pass_without_live_claim) ... ok
test_contract_cannot_claim_closed_or_production_applied (test_clickhouse_schema_authority.ClickHouseSchemaAuthorityTest.test_contract_cannot_claim_closed_or_production_applied) ... ok
test_on_cluster_migration_is_rejected (test_clickhouse_schema_authority.ClickHouseSchemaAuthorityTest.test_on_cluster_migration_is_rejected) ... ok
test_runner_applies_and_records_checksum (test_clickhouse_schema_authority.ClickHouseSchemaAuthorityTest.test_runner_applies_and_records_checksum) ... ok
test_runner_rejects_applied_checksum_mismatch (test_clickhouse_schema_authority.ClickHouseSchemaAuthorityTest.test_runner_rejects_applied_checksum_mismatch) ... ok
test_unregistered_legacy_source_change_is_rejected (test_clickhouse_schema_authority.ClickHouseSchemaAuthorityTest.test_unregistered_legacy_source_change_is_rejected) ... ok
test_detects_business_row_inference (test_common_response_adapter.AdapterRiskScannerTest.test_detects_business_row_inference) ... ok
test_detects_default_demo_resource_id (test_common_response_adapter.AdapterRiskScannerTest.test_detects_default_demo_resource_id) ... ok
test_detects_fabricated_comparison_value (test_common_response_adapter.AdapterRiskScannerTest.test_detects_fabricated_comparison_value) ... ok
test_detects_fabricated_generic_snapshot_values_and_ids (test_common_response_adapter.AdapterRiskScannerTest.test_detects_fabricated_generic_snapshot_values_and_ids) ... ok
test_detects_fixed_detail_business_fallbacks (test_common_response_adapter.AdapterRiskScannerTest.test_detects_fixed_detail_business_fallbacks) ... ok
test_detects_fixed_detail_collection_fallback (test_common_response_adapter.AdapterRiskScannerTest.test_detects_fixed_detail_collection_fallback) ... ok
test_detects_fixed_detail_metrics_and_timeline (test_common_response_adapter.AdapterRiskScannerTest.test_detects_fixed_detail_metrics_and_timeline) ... ok
test_detects_fixed_numeric_business_fallback_but_allows_layout_defaults (test_common_response_adapter.AdapterRiskScannerTest.test_detects_fixed_numeric_business_fallback_but_allows_layout_defaults) ... ok
test_detects_fixed_page_metric_fallbacks (test_common_response_adapter.AdapterRiskScannerTest.test_detects_fixed_page_metric_fallbacks) ... ok
test_detects_fixed_screen_visual_fixtures (test_common_response_adapter.AdapterRiskScannerTest.test_detects_fixed_screen_visual_fixtures) ... ok
test_detects_generated_business_trends (test_common_response_adapter.AdapterRiskScannerTest.test_detects_generated_business_trends) ... ok
test_detects_hardcoded_private_business_address (test_common_response_adapter.AdapterRiskScannerTest.test_detects_hardcoded_private_business_address) ... ok
test_detects_runtime_business_fixture_objects (test_common_response_adapter.AdapterRiskScannerTest.test_detects_runtime_business_fixture_objects) ... ok
test_detects_runtime_mock_but_allows_erased_type_import (test_common_response_adapter.AdapterRiskScannerTest.test_detects_runtime_mock_but_allows_erased_type_import) ... ok
test_detects_summary_count_derived_from_display_state (test_common_response_adapter.AdapterRiskScannerTest.test_detects_summary_count_derived_from_display_state) ... ok
test_detects_truthy_numeric_fallback (test_common_response_adapter.AdapterRiskScannerTest.test_detects_truthy_numeric_fallback) ... ok
test_detects_visual_fixture_query_bypass (test_common_response_adapter.AdapterRiskScannerTest.test_detects_visual_fixture_query_bypass) ... ok
test_finding_identity_is_deterministic (test_common_response_adapter.AdapterRiskScannerTest.test_finding_identity_is_deterministic) ... ok
test_registered_production_adapter_risks_are_zero (test_common_response_adapter.CommonResponseAdapterRepositoryTest.test_registered_production_adapter_risks_are_zero) ... ok
test_registry_covers_all_production_pages_and_services (test_common_response_adapter.CommonResponseAdapterRepositoryTest.test_registry_covers_all_production_pages_and_services) ... ok
test_repository_protocol_and_ratchet_pass (test_common_response_adapter.CommonResponseAdapterRepositoryTest.test_repository_protocol_and_ratchet_pass) ... ok
test_checked_in_catalog_matches_all_go_flink_and_kubernetes_sources (test_configuration_catalog.ConfigurationCatalogTests.test_checked_in_catalog_matches_all_go_flink_and_kubernetes_sources) ... ok
test_conflicting_runtime_binding_fails_closed (test_configuration_catalog.ConfigurationCatalogTests.test_conflicting_runtime_binding_fails_closed) ... ok
test_nonempty_secret_default_fails_closed (test_configuration_catalog.ConfigurationCatalogTests.test_nonempty_secret_default_fails_closed) ... ok
test_runtime_declarations_have_no_unmarked_conflicts (test_configuration_catalog.ConfigurationCatalogTests.test_runtime_declarations_have_no_unmarked_conflicts) ... ok
test_secret_material_is_never_serialized (test_configuration_catalog.ConfigurationCatalogTests.test_secret_material_is_never_serialized) ... ok
test_all_required_difference_classes_are_explicit_and_plan_only (test_cross_store_reconcile.CrossStoreReconcileTest.test_all_required_difference_classes_are_explicit_and_plan_only) ... ok
test_equal_seven_source_manifest_including_audit_passes_with_stable_hash (test_cross_store_reconcile.CrossStoreReconcileTest.test_equal_seven_source_manifest_including_audit_passes_with_stable_hash) ... ok
test_input_bound_is_fail_closed (test_cross_store_reconcile.CrossStoreReconcileTest.test_input_bound_is_fail_closed) ... ok
test_malformed_watermark_is_not_silently_treated_as_complete (test_cross_store_reconcile.CrossStoreReconcileTest.test_malformed_watermark_is_not_silently_treated_as_complete) ... ok
test_output_is_json_serializable (test_cross_store_reconcile.CrossStoreReconcileTest.test_output_is_json_serializable) ... ok
test_wildcard_tenant_and_domain_are_rejected (test_cross_store_reconcile.CrossStoreReconcileTest.test_wildcard_tenant_and_domain_are_rejected) ... ok
test_bounded_profile_has_fault_resource_and_lag_stop_conditions (test_dashboard_task_real_components_ephemeral_guard.DashboardTaskRealComponentsGuardTests.test_bounded_profile_has_fault_resource_and_lag_stop_conditions) ... ok
test_bounded_profile_is_sentinel_guarded_and_not_a_production_slo (test_dashboard_task_real_components_ephemeral_guard.DashboardTaskRealComponentsGuardTests.test_bounded_profile_is_sentinel_guarded_and_not_a_production_slo) ... ok
test_go_test_requires_sentinels_and_exercises_real_boundaries (test_dashboard_task_real_components_ephemeral_guard.DashboardTaskRealComponentsGuardTests.test_go_test_requires_sentinels_and_exercises_real_boundaries) ... ok
test_images_are_immutable_and_names_are_run_scoped (test_dashboard_task_real_components_ephemeral_guard.DashboardTaskRealComponentsGuardTests.test_images_are_immutable_and_names_are_run_scoped) ... ok
test_runner_is_loopback_volume_free_and_cleans_both_containers (test_dashboard_task_real_components_ephemeral_guard.DashboardTaskRealComponentsGuardTests.test_runner_is_loopback_volume_free_and_cleans_both_containers) ... ok
test_runner_records_the_exact_test_and_non_secret_sumdb_override (test_dashboard_task_real_components_ephemeral_guard.DashboardTaskRealComponentsGuardTests.test_runner_records_the_exact_test_and_non_secret_sumdb_override) ... ok
test_clickhouse_insert_rate_proxy_is_rejected (test_data_quality_control_plane.DataQualityControlPlaneTest.test_clickhouse_insert_rate_proxy_is_rejected) ... ok
test_contract_cannot_claim_closed_or_production_applied (test_data_quality_control_plane.DataQualityControlPlaneTest.test_contract_cannot_claim_closed_or_production_applied) ... ok
test_drifted_legacy_entrypoint_mirror_is_rejected (test_data_quality_control_plane.DataQualityControlPlaneTest.test_drifted_legacy_entrypoint_mirror_is_rejected) ... ok
test_evidence_secret_scan_detects_assignments_without_reporting_values (test_data_quality_control_plane.DataQualityControlPlaneTest.test_evidence_secret_scan_detects_assignments_without_reporting_values) ... ok
test_expand_renderer_cannot_drop_suspension_guard (test_data_quality_control_plane.DataQualityControlPlaneTest.test_expand_renderer_cannot_drop_suspension_guard) ... ok
test_external_evidence_path_remains_absolute (test_data_quality_control_plane.DataQualityControlPlaneTest.test_external_evidence_path_remains_absolute) ... ok
test_flink_watermark_capture_keeps_all_idle_or_invalid_values_unknown (test_data_quality_control_plane.DataQualityControlPlaneTest.test_flink_watermark_capture_keeps_all_idle_or_invalid_values_unknown) ... ok
test_flink_watermark_capture_uses_minimum_finite_subtask_value (test_data_quality_control_plane.DataQualityControlPlaneTest.test_flink_watermark_capture_uses_minimum_finite_subtask_value) ... ok
test_flink_watermark_metric_selection_excludes_other_operators (test_data_quality_control_plane.DataQualityControlPlaneTest.test_flink_watermark_metric_selection_excludes_other_operators) ... ok
test_kubernetes_runner_must_include_governance_migration (test_data_quality_control_plane.DataQualityControlPlaneTest.test_kubernetes_runner_must_include_governance_migration) ... ok
test_kubernetes_runner_must_include_versioned_migration (test_data_quality_control_plane.DataQualityControlPlaneTest.test_kubernetes_runner_must_include_versioned_migration) ... ok
test_live_capture_requires_all_migrations_and_governance_tables (test_data_quality_control_plane.DataQualityControlPlaneTest.test_live_capture_requires_all_migrations_and_governance_tables) ... ok
test_missing_legacy_entrypoint_mirror_is_rejected (test_data_quality_control_plane.DataQualityControlPlaneTest.test_missing_legacy_entrypoint_mirror_is_rejected) ... ok
test_missing_measurement_cannot_become_pass (test_data_quality_control_plane.DataQualityControlPlaneTest.test_missing_measurement_cannot_become_pass) ... ok
test_missing_persistent_object_is_rejected (test_data_quality_control_plane.DataQualityControlPlaneTest.test_missing_persistent_object_is_rejected) ... ok
test_openapi_must_bind_data_quality_operations_to_feature_contract (test_data_quality_control_plane.DataQualityControlPlaneTest.test_openapi_must_bind_data_quality_operations_to_feature_contract) ... ok
test_pre_rollout_capture_cannot_claim_candidate_applied (test_data_quality_control_plane.DataQualityControlPlaneTest.test_pre_rollout_capture_cannot_claim_candidate_applied) ... ok
test_release_blocking_feature_flag_must_remain_default_off (test_data_quality_control_plane.DataQualityControlPlaneTest.test_release_blocking_feature_flag_must_remain_default_off) ... ok
test_repository_slice_passes_without_live_or_closure_claim (test_data_quality_control_plane.DataQualityControlPlaneTest.test_repository_slice_passes_without_live_or_closure_claim) ... ok
test_rejects_invalid_state (test_data_quality_expand_renderer.DataQualityExpandRendererTest.test_rejects_invalid_state) ... ok
test_render_is_suspended_immutable_and_binds_guards (test_data_quality_expand_renderer.DataQualityExpandRendererTest.test_render_is_suspended_immutable_and_binds_guards) ... ok
test_backup_success_cannot_substitute_for_restore (test_dr_recovery_catalog.DRRecoveryCatalogTests.test_backup_success_cannot_substitute_for_restore) ... ok
test_checked_in_catalog_is_current_and_explicitly_partial (test_dr_recovery_catalog.DRRecoveryCatalogTests.test_checked_in_catalog_is_current_and_explicitly_partial) ... ok
test_clickhouse_failure_domain_gap_cannot_be_hidden (test_dr_recovery_catalog.DRRecoveryCatalogTests.test_clickhouse_failure_domain_gap_cannot_be_hidden) ... ok
test_cross_store_recovery_order_cannot_be_reversed (test_dr_recovery_catalog.DRRecoveryCatalogTests.test_cross_store_recovery_order_cannot_be_reversed) ... ok
test_destructive_execution_cannot_be_auto_authorized (test_dr_recovery_catalog.DRRecoveryCatalogTests.test_destructive_execution_cannot_be_auto_authorized) ... ok
test_domain_cannot_be_hidden (test_dr_recovery_catalog.DRRecoveryCatalogTests.test_domain_cannot_be_hidden) ... ok
test_domain_cannot_claim_pass_without_isolated_restore (test_dr_recovery_catalog.DRRecoveryCatalogTests.test_domain_cannot_claim_pass_without_isolated_restore) ... ok
test_postgres_fencing_and_pitr_gaps_cannot_be_hidden (test_dr_recovery_catalog.DRRecoveryCatalogTests.test_postgres_fencing_and_pitr_gaps_cannot_be_hidden) ... ok
test_restore_evidence_cannot_be_invented (test_dr_recovery_catalog.DRRecoveryCatalogTests.test_restore_evidence_cannot_be_invented) ... ok
test_alert_and_probe_contracts_bind_exactly_to_openapi (test_feature_contract_registry.FeatureContractRegistryTests.test_alert_and_probe_contracts_bind_exactly_to_openapi) ... ok
test_backlog_gap_count_cannot_be_hidden (test_feature_contract_registry.FeatureContractRegistryTests.test_backlog_gap_count_cannot_be_hidden) ... ok
test_canonical_feature_cannot_be_hidden (test_feature_contract_registry.FeatureContractRegistryTests.test_canonical_feature_cannot_be_hidden) ... ok
test_checked_in_registry_has_complete_standard_scope_and_explicit_backlog (test_feature_contract_registry.FeatureContractRegistryTests.test_checked_in_registry_has_complete_standard_scope_and_explicit_backlog) ... ok
test_compatibility_removal_cannot_be_enabled (test_feature_contract_registry.FeatureContractRegistryTests.test_compatibility_removal_cannot_be_enabled) ... ok
test_duplicate_operation_id_fails_closed (test_feature_contract_registry.FeatureContractRegistryTests.test_duplicate_operation_id_fails_closed) ... ok
test_formal_contract_validation_error_fails_closed (test_feature_contract_registry.FeatureContractRegistryTests.test_formal_contract_validation_error_fails_closed) ... ok
test_missing_contract_gap_cannot_be_hidden (test_feature_contract_registry.FeatureContractRegistryTests.test_missing_contract_gap_cannot_be_hidden) ... ok
test_non_draft_openapi_binding_regression_fails_closed (test_feature_contract_registry.FeatureContractRegistryTests.test_non_draft_openapi_binding_regression_fails_closed) ... ok
test_owner_cannot_be_removed (test_feature_contract_registry.FeatureContractRegistryTests.test_owner_cannot_be_removed) ... ok
test_p0_contract_cannot_be_removed (test_feature_contract_registry.FeatureContractRegistryTests.test_p0_contract_cannot_be_removed) ... ok
test_registry_cannot_become_runtime_dependency (test_feature_contract_registry.FeatureContractRegistryTests.test_registry_cannot_become_runtime_dependency) ... ok
test_standard_scope_p1_contract_cannot_be_removed (test_feature_contract_registry.FeatureContractRegistryTests.test_standard_scope_p1_contract_cannot_be_removed) ... ok
test_application_dockerfile_builds_exactly_one_job_jar (test_flink_application_cluster_migration.FlinkApplicationClusterMigrationTest.test_application_dockerfile_builds_exactly_one_job_jar) ... ok
test_contract_covers_canonical_nine_jobs_and_128_tasks (test_flink_application_cluster_migration.FlinkApplicationClusterMigrationTest.test_contract_covers_canonical_nine_jobs_and_128_tasks) ... ok
test_contract_rejects_max_parallelism_below_current_parallelism (test_flink_application_cluster_migration.FlinkApplicationClusterMigrationTest.test_contract_rejects_max_parallelism_below_current_parallelism) ... ok
test_contract_rejects_parallel_cutover_or_resource_budget_violation (test_flink_application_cluster_migration.FlinkApplicationClusterMigrationTest.test_contract_rejects_parallel_cutover_or_resource_budget_violation) ... ok
test_each_flink_job_has_unique_expanded_identity_in_flink_namespace (test_flink_application_cluster_migration.FlinkApplicationClusterMigrationTest.test_each_flink_job_has_unique_expanded_identity_in_flink_namespace) ... ok
test_pod_template_exposes_only_selected_kafka_identity (test_flink_application_cluster_migration.FlinkApplicationClusterMigrationTest.test_pod_template_exposes_only_selected_kafka_identity) ... ok
test_render_is_single_job_application_mode_with_restore_and_rollback (test_flink_application_cluster_migration.FlinkApplicationClusterMigrationTest.test_render_is_single_job_application_mode_with_restore_and_rollback) ... ok
test_renderer_rejects_mutable_image_and_untrusted_savepoint (test_flink_application_cluster_migration.FlinkApplicationClusterMigrationTest.test_renderer_rejects_mutable_image_and_untrusted_savepoint) ... ok
test_latest_source_default_is_rejected (test_flink_checkpoint_ha.FlinkCheckpointHaContractTest.test_latest_source_default_is_rejected) ... ok
test_repository_satisfies_checkpoint_ha_contract (test_flink_checkpoint_ha.FlinkCheckpointHaContractTest.test_repository_satisfies_checkpoint_ha_contract) ... ok
test_single_jobmanager_is_rejected (test_flink_checkpoint_ha.FlinkCheckpointHaContractTest.test_single_jobmanager_is_rejected) ... ok
test_matching_release_and_runtime_registries_pass_exact_diff (test_flink_job_registry.FlinkJobRegistryTest.test_matching_release_and_runtime_registries_pass_exact_diff) ... ok
test_max_parallelism_drift_is_rejected (test_flink_job_registry.FlinkJobRegistryTest.test_max_parallelism_drift_is_rejected) ... ok
test_mutable_release_image_is_rejected (test_flink_job_registry.FlinkJobRegistryTest.test_mutable_release_image_is_rejected) ... ok
test_operator_uid_hash_drift_is_rejected (test_flink_job_registry.FlinkJobRegistryTest.test_operator_uid_hash_drift_is_rejected) ... ok
test_release_builder_binds_artifact_image_savepoint_and_g0_hashes (test_flink_job_registry.FlinkJobRegistryTest.test_release_builder_binds_artifact_image_savepoint_and_g0_hashes) ... ok
test_repository_registry_is_partial_until_release_and_runtime_are_bound (test_flink_job_registry.FlinkJobRegistryTest.test_repository_registry_is_partial_until_release_and_runtime_are_bound) ... ok
test_runtime_parallelism_or_unknown_job_is_rejected (test_flink_job_registry.FlinkJobRegistryTest.test_runtime_parallelism_or_unknown_job_is_rejected) ... ok
test_empty_reconciliation_key_is_rejected (test_flink_sink_reconciliation.FlinkSinkReconciliationContractTest.test_empty_reconciliation_key_is_rejected) ... ok
test_missing_canonical_job_is_rejected (test_flink_sink_reconciliation.FlinkSinkReconciliationContractTest.test_missing_canonical_job_is_rejected) ... ok
test_missing_required_source_token_is_rejected (test_flink_sink_reconciliation.FlinkSinkReconciliationContractTest.test_missing_required_source_token_is_rejected) ... ok
test_repository_guards_pass_without_claiming_complete_coverage (test_flink_sink_reconciliation.FlinkSinkReconciliationContractTest.test_repository_guards_pass_without_claiming_complete_coverage) ... ok
test_missing_dlq_acl_is_rejected (test_flink_state_recovery.FlinkStateRecoveryContractTest.test_missing_dlq_acl_is_rejected) ... ok
test_missing_uid_is_rejected (test_flink_state_recovery.FlinkStateRecoveryContractTest.test_missing_uid_is_rejected) ... ok
test_repository_satisfies_state_recovery_contract (test_flink_state_recovery.FlinkStateRecoveryContractTest.test_repository_satisfies_state_recovery_contract) ... ok
test_admin_api_external_exposure_fails_closed (test_gateway_route_catalog.GatewayRouteCatalogTests.test_admin_api_external_exposure_fails_closed) ... ok
test_checked_in_catalog_matches_apisix_openapi_and_services (test_gateway_route_catalog.GatewayRouteCatalogTests.test_checked_in_catalog_matches_apisix_openapi_and_services) ... ok
test_every_upstream_has_a_declared_service (test_gateway_route_catalog.GatewayRouteCatalogTests.test_every_upstream_has_a_declared_service) ... ok
test_missing_openapi_scope_fails_closed (test_gateway_route_catalog.GatewayRouteCatalogTests.test_missing_openapi_scope_fails_closed) ... ok
test_protected_route_cannot_hide_missing_gateway_auth (test_gateway_route_catalog.GatewayRouteCatalogTests.test_protected_route_cannot_hide_missing_gateway_auth) ... ok
test_uncovered_openapi_operation_fails_closed (test_gateway_route_catalog.GatewayRouteCatalogTests.test_uncovered_openapi_operation_fails_closed) ... ok
test_undeclared_upstream_service_fails_closed (test_gateway_route_catalog.GatewayRouteCatalogTests.test_undeclared_upstream_service_fails_closed) ... ok
test_audit_materializer_expand_manifest_binds_dedicated_identity (test_kafka_acl_catalog.KafkaAclCatalogTest.test_audit_materializer_expand_manifest_binds_dedicated_identity) ... ok
test_audit_materializer_renderer_rejects_mutable_or_unresolved_image (test_kafka_acl_catalog.KafkaAclCatalogTest.test_audit_materializer_renderer_rejects_mutable_or_unresolved_image) ... ok
test_baseline_cannot_enable_replayer (test_kafka_acl_catalog.KafkaAclCatalogTest.test_baseline_cannot_enable_replayer) ... ok
test_catalog_covers_every_canonical_topic_and_blocks_legacy_extras (test_kafka_acl_catalog.KafkaAclCatalogTest.test_catalog_covers_every_canonical_topic_and_blocks_legacy_extras) ... ok
test_consumer_without_explicit_group_is_rejected (test_kafka_acl_catalog.KafkaAclCatalogTest.test_consumer_without_explicit_group_is_rejected) ... ok
test_duplicate_service_secret_and_password_property_are_rejected (test_kafka_acl_catalog.KafkaAclCatalogTest.test_duplicate_service_secret_and_password_property_are_rejected) ... ok
test_generated_configmap_matches_contract (test_kafka_acl_catalog.KafkaAclCatalogTest.test_generated_configmap_matches_contract) ... ok
test_generated_plan_is_literal_and_contains_no_all_or_wildcard_grant (test_kafka_acl_catalog.KafkaAclCatalogTest.test_generated_plan_is_literal_and_contains_no_all_or_wildcard_grant) ... ok
test_generated_service_identity_manifests_match_contract_and_shell_parses (test_kafka_acl_catalog.KafkaAclCatalogTest.test_generated_service_identity_manifests_match_contract_and_shell_parses) ... ok
test_go_workloads_use_their_own_service_identity_secret (test_kafka_acl_catalog.KafkaAclCatalogTest.test_go_workloads_use_their_own_service_identity_secret) ... ok
test_init_job_only_removes_legacy_wildcard_acl_at_cutover (test_kafka_acl_catalog.KafkaAclCatalogTest.test_init_job_only_removes_legacy_wildcard_acl_at_cutover) ... ok
test_wildcard_principal_is_rejected (test_kafka_acl_catalog.KafkaAclCatalogTest.test_wildcard_principal_is_rejected) ... ok
test_commit_after_processed_order_is_rejected (test_kafka_dlq_commit_barrier.KafkaDLQCommitBarrierTest.test_commit_after_processed_order_is_rejected) ... ok
test_fail_open_token_is_rejected (test_kafka_dlq_commit_barrier.KafkaDLQCommitBarrierTest.test_fail_open_token_is_rejected) ... ok
test_false_production_or_closure_claim_is_rejected (test_kafka_dlq_commit_barrier.KafkaDLQCommitBarrierTest.test_false_production_or_closure_claim_is_rejected) ... ok
test_missing_ack_barrier_token_is_rejected (test_kafka_dlq_commit_barrier.KafkaDLQCommitBarrierTest.test_missing_ack_barrier_token_is_rejected) ... ok
test_repository_barrier_passes_without_live_or_closure_claim (test_kafka_dlq_commit_barrier.KafkaDLQCommitBarrierTest.test_repository_barrier_passes_without_live_or_closure_claim) ... ok
test_consumer_empty_tuple_placeholder_is_rejected (test_kafka_event_envelope.KafkaEventEnvelopeTest.test_consumer_empty_tuple_placeholder_is_rejected) ... ok
test_contract_cannot_claim_closed_or_production_applied (test_kafka_event_envelope.KafkaEventEnvelopeTest.test_contract_cannot_claim_closed_or_production_applied) ... ok
test_detection_vertical_slice_passes_without_live_claim (test_kafka_event_envelope.KafkaEventEnvelopeTest.test_detection_vertical_slice_passes_without_live_claim) ... ok
test_event_header_renumbering_is_rejected (test_kafka_event_envelope.KafkaEventEnvelopeTest.test_event_header_renumbering_is_rejected) ... ok
test_missing_source_tuple_propagation_is_rejected (test_kafka_event_envelope.KafkaEventEnvelopeTest.test_missing_source_tuple_propagation_is_rejected) ... ok
test_random_probe_flow_identity_is_rejected (test_kafka_event_envelope.KafkaEventEnvelopeTest.test_random_probe_flow_identity_is_rejected) ... ok
test_application_bucket_creation_is_rejected (test_minio_object_governance.MinioObjectGovernanceTest.test_application_bucket_creation_is_rejected) ... ok
test_false_closure_or_production_claim_is_rejected (test_minio_object_governance.MinioObjectGovernanceTest.test_false_closure_or_production_claim_is_rejected) ... ok
test_literal_insecure_client_is_rejected (test_minio_object_governance.MinioObjectGovernanceTest.test_literal_insecure_client_is_rejected) ... ok
test_minio_credential_fallback_is_rejected (test_minio_object_governance.MinioObjectGovernanceTest.test_minio_credential_fallback_is_rejected) ... ok
test_missing_governed_bootstrap_bucket_is_rejected (test_minio_object_governance.MinioObjectGovernanceTest.test_missing_governed_bootstrap_bucket_is_rejected) ... ok
test_missing_object_class_is_rejected (test_minio_object_governance.MinioObjectGovernanceTest.test_missing_object_class_is_rejected) ... ok
test_repository_baseline_passes_without_live_claim (test_minio_object_governance.MinioObjectGovernanceTest.test_repository_baseline_passes_without_live_claim) ... ok
test_application_root_credential_reference_is_rejected (test_minio_service_identities.MinioServiceIdentitiesTest.test_application_root_credential_reference_is_rejected) ... ok
test_missing_external_identity_secret_is_rejected (test_minio_service_identities.MinioServiceIdentitiesTest.test_missing_external_identity_secret_is_rejected) ... ok
test_policy_size_budget_is_enforced (test_minio_service_identities.MinioServiceIdentitiesTest.test_policy_size_budget_is_enforced) ... ok
test_repository_expand_phase_passes_without_live_claim (test_minio_service_identities.MinioServiceIdentitiesTest.test_repository_expand_phase_passes_without_live_claim) ... ok
test_unsuspended_bootstrap_job_is_rejected (test_minio_service_identities.MinioServiceIdentitiesTest.test_unsuspended_bootstrap_job_is_rejected) ... ok
test_wildcard_action_is_rejected (test_minio_service_identities.MinioServiceIdentitiesTest.test_wildcard_action_is_rejected) ... ok
test_matching_local_image_is_accepted (test_minio_tls_candidate_images.MinIOTLSCandidateImageTests.test_matching_local_image_is_accepted) ... ok
test_mismatched_local_image_id_is_rejected (test_minio_tls_candidate_images.MinIOTLSCandidateImageTests.test_mismatched_local_image_id_is_rejected) ... ok
test_registry_digest_cannot_be_silently_invented (test_minio_tls_candidate_images.MinIOTLSCandidateImageTests.test_registry_digest_cannot_be_silently_invented) ... ok
test_source_label_drift_is_rejected (test_minio_tls_candidate_images.MinIOTLSCandidateImageTests.test_source_label_drift_is_rejected) ... ok
test_checked_in_bundle_is_valid_but_default_off (test_minio_tls_cutover.MinIOTLSCutoverTests.test_checked_in_bundle_is_valid_but_default_off) ... ok
test_false_cutover_readiness_claim_is_rejected (test_minio_tls_cutover.MinIOTLSCutoverTests.test_false_cutover_readiness_claim_is_rejected) ... ok
test_local_image_cannot_claim_registry_distribution (test_minio_tls_cutover.MinIOTLSCutoverTests.test_local_image_cannot_claim_registry_distribution) ... ok
test_local_image_id_cannot_be_used_as_registry_digest (test_minio_tls_cutover.MinIOTLSCutoverTests.test_local_image_id_cannot_be_used_as_registry_digest) ... ok
test_missing_component_is_rejected (test_minio_tls_cutover.MinIOTLSCutoverTests.test_missing_component_is_rejected) ... ok
test_plaintext_minio_regression_is_rejected (test_minio_tls_cutover.MinIOTLSCutoverTests.test_plaintext_minio_regression_is_rejected) ... ok
test_rendered_workload_cannot_fall_back_to_the_base_image (test_minio_tls_cutover.MinIOTLSCutoverTests.test_rendered_workload_cannot_fall_back_to_the_base_image) ... ok
test_accidental_server_activation_is_rejected (test_minio_tls_material.MinIOTLSMaterialTests.test_accidental_server_activation_is_rejected) ... ok
test_capture_resolves_relative_tls_contract_without_crashing (test_minio_tls_material.MinIOTLSMaterialTests.test_capture_resolves_relative_tls_contract_without_crashing) ... ok
test_checked_in_candidate_material_is_valid_and_not_cutover_ready (test_minio_tls_material.MinIOTLSMaterialTests.test_checked_in_candidate_material_is_valid_and_not_cutover_ready) ... ok
test_false_cutover_claim_is_rejected (test_minio_tls_material.MinIOTLSMaterialTests.test_false_cutover_claim_is_rejected) ... ok
test_missing_client_ca_namespace_is_rejected (test_minio_tls_material.MinIOTLSMaterialTests.test_missing_client_ca_namespace_is_rejected) ... ok
test_missing_server_san_is_rejected (test_minio_tls_material.MinIOTLSMaterialTests.test_missing_server_san_is_rejected) ... ok
test_admin_health_probe_is_rejected (test_opensearch_ha_security_restore.OpenSearchHASecurityRestoreVerifierTest.test_admin_health_probe_is_rejected) ... ok
test_baseline_candidate_passes_static_verification (test_opensearch_ha_security_restore.OpenSearchHASecurityRestoreVerifierTest.test_baseline_candidate_passes_static_verification) ... ok
test_default_deploy_reference_is_rejected (test_opensearch_ha_security_restore.OpenSearchHASecurityRestoreVerifierTest.test_default_deploy_reference_is_rejected) ... ok
test_empty_outage_semantics_are_rejected (test_opensearch_ha_security_restore.OpenSearchHASecurityRestoreVerifierTest.test_empty_outage_semantics_are_rejected) ... ok
test_missing_snapshot_failure_alert_is_rejected (test_opensearch_ha_security_restore.OpenSearchHASecurityRestoreVerifierTest.test_missing_snapshot_failure_alert_is_rejected) ... ok
test_plaintext_http_overlay_is_rejected (test_opensearch_ha_security_restore.OpenSearchHASecurityRestoreVerifierTest.test_plaintext_http_overlay_is_rejected) ... ok
test_renderer_without_scoped_load_override_is_rejected (test_opensearch_ha_security_restore.OpenSearchHASecurityRestoreVerifierTest.test_renderer_without_scoped_load_override_is_rejected) ... ok
test_same_cluster_restore_guard_removal_is_rejected (test_opensearch_ha_security_restore.OpenSearchHASecurityRestoreVerifierTest.test_same_cluster_restore_guard_removal_is_rejected) ... ok
test_two_zone_contract_is_rejected (test_opensearch_ha_security_restore.OpenSearchHASecurityRestoreVerifierTest.test_two_zone_contract_is_rejected) ... ok
test_unapproved_image_becoming_runnable_is_rejected (test_opensearch_ha_security_restore.OpenSearchHASecurityRestoreVerifierTest.test_unapproved_image_becoming_runnable_is_rejected) ... ok
test_wildcard_service_role_is_rejected (test_opensearch_ha_security_restore.OpenSearchHASecurityRestoreVerifierTest.test_wildcard_service_role_is_rejected) ... ok
test_execute_requires_hash_pinned_approval (test_opensearch_ha_security_restore.SnapshotRestoreGuardTest.test_execute_requires_hash_pinned_approval) ... ok
test_plaintext_endpoint_is_rejected (test_opensearch_ha_security_restore.SnapshotRestoreGuardTest.test_plaintext_endpoint_is_rejected) ... ok
test_unsafe_rename_rule_is_rejected (test_opensearch_ha_security_restore.SnapshotRestoreGuardTest.test_unsafe_rename_rule_is_rejected) ... ok
test_backfill_plan_blocks_missing_target_and_oversized_scope (test_opensearch_index_governance.OpenSearchIndexGovernanceTest.test_backfill_plan_blocks_missing_target_and_oversized_scope) ... ok
test_backfill_plan_is_ready_only_for_one_bounded_write_alias (test_opensearch_index_governance.OpenSearchIndexGovernanceTest.test_backfill_plan_is_ready_only_for_one_bounded_write_alias) ... ok
test_backfill_renderer_is_suspended_and_binds_plan_and_recounts (test_opensearch_index_governance.OpenSearchIndexGovernanceTest.test_backfill_renderer_is_suspended_and_binds_plan_and_recounts) ... ok
test_backfill_renderer_rejects_stale_or_tampered_plan (test_opensearch_index_governance.OpenSearchIndexGovernanceTest.test_backfill_renderer_rejects_stale_or_tampered_plan) ... ok
test_backfill_scope_rejects_wildcard_tenant (test_opensearch_index_governance.OpenSearchIndexGovernanceTest.test_backfill_scope_rejects_wildcard_tenant) ... ok
test_default_v2_traffic_enable_is_rejected (test_opensearch_index_governance.OpenSearchIndexGovernanceTest.test_default_v2_traffic_enable_is_rejected) ... ok
test_dynamic_mapping_drift_is_rejected (test_opensearch_index_governance.OpenSearchIndexGovernanceTest.test_dynamic_mapping_drift_is_rejected) ... ok
test_expand_approval_window_rejects_expired_and_oversized (test_opensearch_index_governance.OpenSearchIndexGovernanceTest.test_expand_approval_window_rejects_expired_and_oversized) ... ok
test_expand_job_without_cluster_binding_is_rejected (test_opensearch_index_governance.OpenSearchIndexGovernanceTest.test_expand_job_without_cluster_binding_is_rejected) ... ok
test_expand_renderer_creates_one_time_immutable_suspended_run (test_opensearch_index_governance.OpenSearchIndexGovernanceTest.test_expand_renderer_creates_one_time_immutable_suspended_run) ... ok
test_false_closure_and_production_apply_are_rejected (test_opensearch_index_governance.OpenSearchIndexGovernanceTest.test_false_closure_and_production_apply_are_rejected) ... ok
test_repository_candidate_passes_without_live_apply_claim (test_opensearch_index_governance.OpenSearchIndexGovernanceTest.test_repository_candidate_passes_without_live_apply_claim) ... ok
test_routine_init_path_cannot_create_alerts_v2 (test_opensearch_index_governance.OpenSearchIndexGovernanceTest.test_routine_init_path_cannot_create_alerts_v2) ... ok
test_runtime_template_mutation_is_rejected (test_opensearch_index_governance.OpenSearchIndexGovernanceTest.test_runtime_template_mutation_is_rejected) ... ok
test_unsuspended_expand_job_is_rejected (test_opensearch_index_governance.OpenSearchIndexGovernanceTest.test_unsuspended_expand_job_is_rejected) ... ok
test_automatic_extra_delete_claim_is_rejected (test_opensearch_projection_reconciliation.OpenSearchProjectionReconciliationTest.test_automatic_extra_delete_claim_is_rejected) ... ok
test_candidate_passes_without_live_apply_claim (test_opensearch_projection_reconciliation.OpenSearchProjectionReconciliationTest.test_candidate_passes_without_live_apply_claim) ... ok
test_clickhouse_timestamp_alias_shadow_is_rejected (test_opensearch_projection_reconciliation.OpenSearchProjectionReconciliationTest.test_clickhouse_timestamp_alias_shadow_is_rejected) ... ok
test_default_on_worker_is_rejected (test_opensearch_projection_reconciliation.OpenSearchProjectionReconciliationTest.test_default_on_worker_is_rejected) ... ok
test_external_version_removal_is_rejected (test_opensearch_projection_reconciliation.OpenSearchProjectionReconciliationTest.test_external_version_removal_is_rejected) ... ok
test_false_closure_is_rejected (test_opensearch_projection_reconciliation.OpenSearchProjectionReconciliationTest.test_false_closure_is_rejected) ... ok
test_legacy_fingerprint_adapter_removal_is_rejected (test_opensearch_projection_reconciliation.OpenSearchProjectionReconciliationTest.test_legacy_fingerprint_adapter_removal_is_rejected) ... ok
test_metrics_service_targeting_unbound_distroless_port_is_rejected (test_opensearch_projection_reconciliation.OpenSearchProjectionReconciliationTest.test_metrics_service_targeting_unbound_distroless_port_is_rejected) ... ok
test_missing_migration_entrypoint_is_rejected (test_opensearch_projection_reconciliation.OpenSearchProjectionReconciliationTest.test_missing_migration_entrypoint_is_rejected) ... ok
test_offset_commit_without_debt_guard_is_rejected (test_opensearch_projection_reconciliation.OpenSearchProjectionReconciliationTest.test_offset_commit_without_debt_guard_is_rejected) ... ok
test_projection_metric_capture_excludes_unrelated_metrics (test_opensearch_projection_reconciliation.OpenSearchProjectionReconciliationTest.test_projection_metric_capture_excludes_unrelated_metrics) ... ok
test_projection_metric_filter_removal_is_rejected (test_opensearch_projection_reconciliation.OpenSearchProjectionReconciliationTest.test_projection_metric_filter_removal_is_rejected) ... ok
test_terminal_receipt_without_post_repair_query_is_rejected (test_opensearch_projection_reconciliation.OpenSearchProjectionReconciliationTest.test_terminal_receipt_without_post_repair_query_is_rejected) ... ok
test_unbounded_reconcile_claim_is_rejected (test_opensearch_projection_reconciliation.OpenSearchProjectionReconciliationTest.test_unbounded_reconcile_claim_is_rejected) ... ok
test_default_on_runtime_flag_is_rejected (test_opensearch_search_pagination.OpenSearchSearchPaginationTest.test_default_on_runtime_flag_is_rejected) ... ok
test_false_closure_and_production_apply_are_rejected (test_opensearch_search_pagination.OpenSearchSearchPaginationTest.test_false_closure_and_production_apply_are_rejected) ... ok
test_partial_search_enable_is_rejected (test_opensearch_search_pagination.OpenSearchSearchPaginationTest.test_partial_search_enable_is_rejected) ... ok
test_repository_candidate_passes_without_live_apply_claim (test_opensearch_search_pagination.OpenSearchSearchPaginationTest.test_repository_candidate_passes_without_live_apply_claim) ... ok
test_stable_tie_breaker_removal_is_rejected (test_opensearch_search_pagination.OpenSearchSearchPaginationTest.test_stable_tie_breaker_removal_is_rejected) ... ok
test_tenant_filter_context_removal_is_rejected (test_opensearch_search_pagination.OpenSearchSearchPaginationTest.test_tenant_filter_context_removal_is_rejected) ... ok
test_false_closure_is_rejected (test_pcap_metadata_ack.PcapMetadataAckTest.test_false_closure_is_rejected) ... ok
test_missing_durable_ack_token_is_rejected (test_pcap_metadata_ack.PcapMetadataAckTest.test_missing_durable_ack_token_is_rejected) ... ok
test_pseudo_ack_token_is_rejected (test_pcap_metadata_ack.PcapMetadataAckTest.test_pseudo_ack_token_is_rejected) ... ok
test_repository_slice_passes_without_final_index_claim (test_pcap_metadata_ack.PcapMetadataAckTest.test_repository_slice_passes_without_final_index_claim) ... ok
test_concurrent_readiness_jobs_are_rejected (test_pg_ha_pitr.PostgresHaPitrContractTest.test_concurrent_readiness_jobs_are_rejected) ... ok
test_contract_cannot_claim_unproven_pitr (test_pg_ha_pitr.PostgresHaPitrContractTest.test_contract_cannot_claim_unproven_pitr) ... ok
test_primary_role_probe_is_required (test_pg_ha_pitr.PostgresHaPitrContractTest.test_primary_role_probe_is_required) ... ok
test_reintroduced_pg_promote_is_rejected (test_pg_ha_pitr.PostgresHaPitrContractTest.test_reintroduced_pg_promote_is_rejected) ... ok
test_repository_is_safe_hold_without_claiming_ha_or_pitr_complete (test_pg_ha_pitr.PostgresHaPitrContractTest.test_repository_is_safe_hold_without_claiming_ha_or_pitr_complete) ... ok
test_governed_command_audit_helpers_are_exactly_recognized (test_pg_mutation_inventory.PostgresMutationInventoryTest.test_governed_command_audit_helpers_are_exactly_recognized) ... ok
test_graph_hot_ip_cache_is_a_reviewed_rebuildable_projection (test_pg_mutation_inventory.PostgresMutationInventoryTest.test_graph_hot_ip_cache_is_a_reviewed_rebuildable_projection) ... ok
test_known_clickhouse_write_is_not_counted_as_postgresql (test_pg_mutation_inventory.PostgresMutationInventoryTest.test_known_clickhouse_write_is_not_counted_as_postgresql) ... ok
test_legacy_whitelist_file_has_no_business_mutation_bypass (test_pg_mutation_inventory.PostgresMutationInventoryTest.test_legacy_whitelist_file_has_no_business_mutation_bypass) ... ok
test_repository_matches_versioned_snapshot (test_pg_mutation_inventory.PostgresMutationInventoryTest.test_repository_matches_versioned_snapshot) ... ok
test_saved_view_source_exposes_all_source_level_signals (test_pg_mutation_inventory.PostgresMutationInventoryTest.test_saved_view_source_exposes_all_source_level_signals) ... ok
test_snapshot_drift_is_rejected (test_pg_mutation_inventory.PostgresMutationInventoryTest.test_snapshot_drift_is_rejected) ... ok
test_unknown_dynamic_table_is_rejected (test_pg_mutation_inventory.PostgresMutationInventoryTest.test_unknown_dynamic_table_is_rejected) ... ok
test_unknown_qualified_schema_is_rejected (test_pg_mutation_inventory.PostgresMutationInventoryTest.test_unknown_qualified_schema_is_rejected) ... ok
test_missing_outbox_field_is_rejected (test_pg_transaction_outbox.PostgresTransactionOutboxTest.test_missing_outbox_field_is_rejected) ... ok
test_noncanonical_slice_id_is_rejected (test_pg_transaction_outbox.PostgresTransactionOutboxTest.test_noncanonical_slice_id_is_rejected) ... ok
test_notification_transaction_schema_drift_is_rejected (test_pg_transaction_outbox.PostgresTransactionOutboxTest.test_notification_transaction_schema_drift_is_rejected) ... ok
test_publisher_contract_requires_bounded_dead_state (test_pg_transaction_outbox.PostgresTransactionOutboxTest.test_publisher_contract_requires_bounded_dead_state) ... ok
test_repository_transaction_guard_passes_without_claiming_complete_coverage (test_pg_transaction_outbox.PostgresTransactionOutboxTest.test_repository_transaction_guard_passes_without_claiming_complete_coverage) ... ok
test_transaction_order_mutation_is_rejected (test_pg_transaction_outbox.PostgresTransactionOutboxTest.test_transaction_order_mutation_is_rejected) ... ok
test_checked_in_catalog_is_current_and_explicitly_partial (test_pki_catalog.PKICatalogTests.test_checked_in_catalog_is_current_and_explicitly_partial) ... ok
test_domain_cannot_claim_pass_without_live_rotation (test_pki_catalog.PKICatalogTests.test_domain_cannot_claim_pass_without_live_rotation) ... ok
test_excessive_leaf_validity_gap_cannot_be_hidden (test_pki_catalog.PKICatalogTests.test_excessive_leaf_validity_gap_cannot_be_hidden) ... ok
test_minio_cutover_gap_cannot_be_hidden (test_pki_catalog.PKICatalogTests.test_minio_cutover_gap_cannot_be_hidden) ... ok
test_minio_tls_san_inventory_cannot_be_reduced (test_pki_catalog.PKICatalogTests.test_minio_tls_san_inventory_cannot_be_reduced) ... ok
test_private_key_material_is_rejected (test_pki_catalog.PKICatalogTests.test_private_key_material_is_rejected) ... ok
test_production_plaintext_inventory_cannot_be_hidden (test_pki_catalog.PKICatalogTests.test_production_plaintext_inventory_cannot_be_hidden) ... ok
test_remote_transport_guard_cannot_be_disabled (test_pki_catalog.PKICatalogTests.test_remote_transport_guard_cannot_be_disabled) ... ok
test_shared_probe_identity_gap_cannot_be_hidden (test_pki_catalog.PKICatalogTests.test_shared_probe_identity_gap_cannot_be_hidden) ... ok
test_closed_findings_returning_to_open_reports_is_rejected (test_product_design_audit_policy.ProductDesignAuditPolicyTest.test_closed_findings_returning_to_open_reports_is_rejected) ... ok
test_current_run_screenshot_guard_removal_is_rejected (test_product_design_audit_policy.ProductDesignAuditPolicyTest.test_current_run_screenshot_guard_removal_is_rejected) ... ok
test_figma_audit_enable_is_rejected (test_product_design_audit_policy.ProductDesignAuditPolicyTest.test_figma_audit_enable_is_rejected) ... ok
test_repository_policy_passes (test_product_design_audit_policy.ProductDesignAuditPolicyTest.test_repository_policy_passes) ... ok
test_accepts_mock_free_production_bundle (test_production_ui_bundle.ProductionUiBundleScannerTest.test_accepts_mock_free_production_bundle) ... ok
test_rejects_missing_index_asset (test_production_ui_bundle.ProductionUiBundleScannerTest.test_rejects_missing_index_asset) ... ok
test_rejects_mock_source_in_manifest (test_production_ui_bundle.ProductionUiBundleScannerTest.test_rejects_mock_source_in_manifest) ... ok
test_rejects_worker_and_msw_content (test_production_ui_bundle.ProductionUiBundleScannerTest.test_rejects_worker_and_msw_content) ... ok
test_auth_session_database_drift_is_rejected (test_redis_reliability_domains.RedisReliabilityDomainsTest.test_auth_session_database_drift_is_rejected) ... ok
test_cache_noeviction_is_rejected (test_redis_reliability_domains.RedisReliabilityDomainsTest.test_cache_noeviction_is_rejected) ... ok
test_contract_cannot_claim_closed_or_applied (test_redis_reliability_domains.RedisReliabilityDomainsTest.test_contract_cannot_claim_closed_or_applied) ... ok
test_coordination_allkeys_lru_is_rejected (test_redis_reliability_domains.RedisReliabilityDomainsTest.test_coordination_allkeys_lru_is_rejected) ... ok
test_legacy_mixed_service_cannot_become_a_new_binding (test_redis_reliability_domains.RedisReliabilityDomainsTest.test_legacy_mixed_service_cannot_become_a_new_binding) ... ok
test_repository_safe_hold_passes_without_claiming_live_completion (test_redis_reliability_domains.RedisReliabilityDomainsTest.test_repository_safe_hold_passes_without_claiming_live_completion) ... ok
test_all_go_workloads_have_dedicated_identity_and_hardening (test_service_identity_catalog.ServiceIdentityCatalogTests.test_all_go_workloads_have_dedicated_identity_and_hardening) ... ok
test_checked_in_catalog_is_current_and_explicitly_partial (test_service_identity_catalog.ServiceIdentityCatalogTests.test_checked_in_catalog_is_current_and_explicitly_partial) ... ok
test_default_service_account_fails_closed (test_service_identity_catalog.ServiceIdentityCatalogTests.test_default_service_account_fails_closed) ... ok
test_external_diagnostic_output_path_is_rendered_without_crashing (test_service_identity_catalog.ServiceIdentityCatalogTests.test_external_diagnostic_output_path_is_rendered_without_crashing) ... ok
test_incomplete_container_hardening_fails_closed (test_service_identity_catalog.ServiceIdentityCatalogTests.test_incomplete_container_hardening_fails_closed) ... ok
test_probe_exception_must_remain_explicit (test_service_identity_catalog.ServiceIdentityCatalogTests.test_probe_exception_must_remain_explicit) ... ok
test_service_account_token_automount_fails_closed (test_service_identity_catalog.ServiceIdentityCatalogTests.test_service_account_token_automount_fails_closed) ... ok
test_shared_sensitive_credential_cannot_be_hidden (test_service_identity_catalog.ServiceIdentityCatalogTests.test_shared_sensitive_credential_cannot_be_hidden) ... ok
test_tenant_fallback_site_cannot_be_hidden (test_service_identity_catalog.ServiceIdentityCatalogTests.test_tenant_fallback_site_cannot_be_hidden) ... ok
test_wildcard_kafka_principal_fails_closed (test_service_identity_catalog.ServiceIdentityCatalogTests.test_wildcard_kafka_principal_fails_closed) ... ok
test_candidate_passes_without_false_live_claim (test_trace_watermark_reconcile.TraceWatermarkReconcileVerifierTest.test_candidate_passes_without_false_live_claim) ... ok
test_false_closure_is_rejected (test_trace_watermark_reconcile.TraceWatermarkReconcileVerifierTest.test_false_closure_is_rejected) ... ok
test_flink_trace_propagation_removal_is_rejected (test_trace_watermark_reconcile.TraceWatermarkReconcileVerifierTest.test_flink_trace_propagation_removal_is_rejected) ... ok
test_on_cluster_migration_is_rejected (test_trace_watermark_reconcile.TraceWatermarkReconcileVerifierTest.test_on_cluster_migration_is_rejected) ... ok
test_opensearch_expand_manifest_link_drift_is_rejected (test_trace_watermark_reconcile.TraceWatermarkReconcileVerifierTest.test_opensearch_expand_manifest_link_drift_is_rejected) ... ok
test_opensearch_trace_mapping_removal_is_rejected (test_trace_watermark_reconcile.TraceWatermarkReconcileVerifierTest.test_opensearch_trace_mapping_removal_is_rejected) ... ok
test_proto_field_number_drift_is_rejected (test_trace_watermark_reconcile.TraceWatermarkReconcileVerifierTest.test_proto_field_number_drift_is_rejected) ... ok
test_split_trace_publish_guard_removal_is_rejected (test_trace_watermark_reconcile.TraceWatermarkReconcileVerifierTest.test_split_trace_publish_guard_removal_is_rejected) ... ok
test_unbounded_or_automatic_repair_contract_is_rejected (test_trace_watermark_reconcile.TraceWatermarkReconcileVerifierTest.test_unbounded_or_automatic_repair_contract_is_rejected) ... ok
test_all_nine_application_clusters_pass_independently (test_verify_flink_application_clusters.VerifyFlinkApplicationClustersTest.test_all_nine_application_clusters_pass_independently) ... ok
test_missing_cluster_and_missing_restore_fail (test_verify_flink_application_clusters.VerifyFlinkApplicationClustersTest.test_missing_cluster_and_missing_restore_fail) ... ok
test_serial_stage_accepts_only_contiguous_migrated_prefix (test_verify_flink_application_clusters.VerifyFlinkApplicationClustersTest.test_serial_stage_accepts_only_contiguous_migrated_prefix) ... ok
test_projection_schema_is_present_in_every_postgres_entrypoint (test_whitelist_event_pipeline.WhitelistEventPipelineContractTests.test_projection_schema_is_present_in_every_postgres_entrypoint) ... ok
test_topic_schema_acl_and_default_off_deployments_are_bound (test_whitelist_event_pipeline.WhitelistEventPipelineContractTests.test_topic_schema_acl_and_default_off_deployments_are_bound) ... ok

----------------------------------------------------------------------
Ran 422 tests in 71.101s

OK
cd go/control-plane && go test ./internal/auth/model -count=1
ok  	github.com/1144160159/traffic-analysis-platform/go/control-plane/internal/auth/model	0.003s
